mag_id	parameter	hmsc_trend
cmag_001	-0.107919076906332	increaser
cmag_002	-0.0357184613923418	decreaser
cmag_003	-0.113651547802322	increaser
cmag_004	-0.0649953678046147	increaser
cmag_005	-0.0764762525476423	increaser
cmag_006	0.00159877669402444	decreaser
cmag_007	-0.0140849527755964	increaser
cmag_008	0.0197620531109987	increaser
cmag_009	-0.044456053285397	decreaser
cmag_010	0.00713673905836551	decreaser
cmag_011	-0.105781167001593	increaser
cmag_012	NA	stable
cmag_013	-0.0382460597321506	increaser
cmag_014	-0.0831399332068274	increaser
cmag_015	9.5791363616623e-4	increaser
cmag_016	-0.12222095758095	increaser
cmag_017	-0.020536152795581	increaser
cmag_018	-0.0530824883764078	increaser
cmag_019	-0.0884594645129458	increaser
cmag_020	-0.0913447494338878	increaser
cmag_021	-0.0115906945143455	increaser
cmag_022	-0.0896583772351329	increaser
cmag_023	-4.5806972707878e-4	decreaser
cmag_024	-8.182274115969e-4	decreaser
cmag_025	0.0534123521099907	decreaser
cmag_026	0.0143219551743797	decreaser
cmag_027	-0.111185293384505	increaser
cmag_028	-0.0162752005690937	increaser
cmag_029	-0.0757539651786688	increaser
cmag_030	-0.0308303708947269	increaser
cmag_031	-0.0396066875284068	increaser
cmag_032	0.0174836996463752	decreaser
cmag_033	-0.095125897713527	increaser
cmag_034	0.00219871101302512	decreaser
cmag_035	0.0356255569399787	decreaser
cmag_036	0.0242232638362957	decreaser
cmag_037	NA	stable
cmag_038	-0.0285530945915514	decreaser
cmag_039	-0.08780565781567	decreaser
cmag_040	-0.0473581532306923	decreaser
cmag_041	-0.0417734687634112	increaser
cmag_042	NA	stable
cmag_043	-0.00218884268181426	increaser
cmag_044	-0.0407685714753434	increaser
cmag_045	-0.0247595223349932	increaser
cmag_046	-0.0777506792337135	increaser
cmag_047	NA	stable
cmag_048	-0.0982988652514858	decreaser
cmag_049	-0.0233140428038282	increaser
cmag_050	0.00334777323745679	decreaser
cmag_051	0.0413199841600495	decreaser
cmag_052	-0.0837123167389462	increaser
cmag_053	-0.122390885601282	increaser
cmag_054	-0.12186980524641	increaser
cmag_055	-0.0570034944925984	increaser
cmag_056	-0.0787902308327376	increaser
cmag_057	-0.0818054457555943	increaser
cmag_058	-0.0221243819025956	increaser
cmag_059	NA	stable
cmag_060	-0.0709808565878537	increaser
cmag_061	-0.0699188370019374	increaser
cmag_062	-0.113305863100556	increaser
cmag_063	NA	stable
cmag_064	0.037186224854516003	decreaser
cmag_065	0.0111911203425547	decreaser
cmag_066	NA	stable
cmag_067	-0.0623477946507275	increaser
cmag_068	-0.0584796530558181	increaser
cmag_069	-0.0996532679646525	increaser
cmag_070	-0.0685273069625191	increaser
cmag_071	-0.030576132706774	decreaser
cmag_072	-0.0948680062129404	increaser
cmag_073	-0.0630921280907043	increaser
cmag_074	-0.0596139476419617	increaser
cmag_075	0.00978492448246021	increaser
cmag_076	-0.0138883292380135	decreaser
cmag_077	-0.0571274534509725	increaser
cmag_078	-0.0168957961953938	decreaser
cmag_079	-0.0147745697890744	decreaser
cmag_080	0.0162843409435081	decreaser
cmag_081	-0.0457226276416638	decreaser
cmag_082	-0.0299999382316762	decreaser
cmag_083	-0.137748577581894	increaser
cmag_084	-0.0352437283787042	increaser
cmag_085	-0.0824440425278684	increaser
cmag_086	-0.033402337132868	decreaser
cmag_087	0.018616276291863	decreaser
cmag_088	0.00578775372989855	increaser
cmag_089	-0.0409397203359446	decreaser
cmag_090	-0.0758129091875299	increaser
cmag_091	-0.0634872130405204	decreaser
cmag_092	-0.0643605458130289	increaser
cmag_093	NA	stable
cmag_094	-0.015781238124854	decreaser
cmag_095	0.0140903135216763	increaser
cmag_096	-0.0961034052547849	decreaser
cmag_097	-0.0424370261556756	decreaser
cmag_098	-0.0419605287564594	decreaser
cmag_099	-0.0967480662552792	increaser
cmag_100	-0.0902799236457468	increaser
cmag_101	0.00220204071543902	decreaser
cmag_102	-0.0586830641898349	decreaser
cmag_103	-0.0334976648513476	increaser
cmag_104	-0.0308577943616163	increaser
cmag_105	-0.0403117805869881	increaser
cmag_106	-0.105817389848623	increaser
cmag_107	-0.0972682274971943	increaser
cmag_108	-0.0644302907805105	increaser
cmag_109	-0.0910763674290501	increaser
cmag_110	-0.025602255826361	increaser
cmag_111	-0.119595143019616	increaser
cmag_112	-0.053689199798854	increaser
cmag_113	-0.0715778888278175	increaser
cmag_114	-0.0180463136706175	increaser
cmag_115	-0.0241452241997059	decreaser
cmag_116	-0.0257704476155808	increaser
cmag_117	-0.0620730578526904	increaser
cmag_118	-0.109786939329332	increaser
cmag_119	-0.102674915132847	increaser
cmag_120	-0.0218762655870831	decreaser
cmag_121	0.00320425634007271	increaser
cmag_122	-0.0470892485995679	decreaser
cmag_123	NA	stable
cmag_124	-0.0599855363842702	increaser
cmag_125	-0.0180829493743473	increaser
cmag_126	-0.0699896199201806	decreaser
cmag_127	0.0513300100677504	decreaser
cmag_128	-0.0326108503444588	decreaser
cmag_129	-0.0196938896093389	decreaser
cmag_130	0.0130918164018161	decreaser
cmag_131	-0.111792094935713	increaser
cmag_132	-0.0648468681835163	increaser
cmag_133	0.00725483919981799	increaser
cmag_134	-0.0215355219413697	increaser
cmag_135	-0.120808490610648	increaser
cmag_136	NA	stable
cmag_137	-0.033323591691118	decreaser
cmag_138	-0.0554695446713708	decreaser
cmag_139	-0.0570228982071282	increaser
cmag_140	-0.0202187682131754	increaser
cmag_141	-0.0251896954564656	increaser
cmag_142	0.0154320648599696	increaser
cmag_143	-0.0511506137872729	increaser
cmag_144	-0.0275945962018349	increaser
cmag_145	-0.0120727438104199	increaser
cmag_146	0.0821773313486034	decreaser
cmag_147	0.0179497432873347	decreaser
cmag_148	-0.0297976072370367	increaser
cmag_149	-0.113950527220179	increaser
cmag_150	-0.104898751534812	increaser
cmag_151	-0.0976065739737617	increaser
cmag_152	NA	stable
cmag_153	-0.0207982936414982	decreaser
cmag_154	0.0832003698548685	decreaser
cmag_155	-0.0130652051040884	increaser
cmag_156	-0.0528463864337426	increaser
cmag_157	-0.102713041424537	increaser
cmag_158	-0.131358730570284	increaser
cmag_159	0.0161140812324377	increaser
cmag_160	-0.0674571699611663	decreaser
cmag_161	-0.0310942450837799	increaser
cmag_162	-0.0262031900423609	decreaser
cmag_163	5.0055110747337e-4	increaser
cmag_164	-0.107245672778198	increaser
cmag_165	-0.112169381892807	increaser
cmag_166	-0.034933147612096	decreaser
cmag_167	0.0593328386902449	decreaser
cmag_168	-0.0608023816090211	decreaser
cmag_169	-0.0425152938647906	increaser
cmag_170	-0.0308172683321028	decreaser
cmag_171	-0.0803985695630099	increaser
cmag_172	-0.0365295403979309	increaser
cmag_173	-0.0518295627587425	decreaser
cmag_174	0.070665974514828	decreaser
cmag_175	0.00488147386730956	decreaser
cmag_176	-0.0100498308014169	decreaser
cmag_177	-0.00466162712727891	decreaser
cmag_178	-0.00496604387644329	decreaser
cmag_179	-0.0655411401420538	decreaser
cmag_180	-0.0610693606666724	increaser
cmag_181	NA	stable
cmag_182	NA	stable
cmag_183	-0.0934509838076259	increaser
cmag_184	0.0032817347649481	decreaser
cmag_185	-0.0200800514319746	decreaser
cmag_186	-0.0180223373583591	decreaser
cmag_187	-0.0208159036922847	increaser
cmag_188	-0.0959842655002711	increaser
cmag_189	-0.0937575593723017	increaser
cmag_190	-0.072818346307294	increaser
cmag_191	-0.107581517722282	increaser
cmag_192	-0.117330423162513	increaser
cmag_193	-0.0246258858762965	increaser
cmag_194	-0.0655766090569272	increaser
cmag_195	-0.0460694921787649	increaser
cmag_196	-0.126373208973767	increaser
cmag_197	NA	stable
cmag_198	NA	stable
cmag_199	-0.113789360926651	increaser
cmag_200	NA	stable
cmag_201	-0.062608759642021	decreaser
cmag_202	NA	stable
cmag_203	-0.0653579446709141	increaser
cmag_204	-0.0481317969466231	increaser
cmag_205	-0.00467663847183614	increaser
cmag_206	-0.0459789164332696	increaser
cmag_207	-0.00861277067291863	increaser
cmag_208	-0.0710703806218972	increaser
cmag_209	-0.0736558577716483	increaser
cmag_210	-0.10699341860199	increaser
cmag_211	NA	stable
cmag_212	NA	stable
cmag_213	-0.103116425717161	increaser
cmag_214	-0.112254637298741	increaser
cmag_215	-0.0868022618120985	increaser
cmag_216	-0.0233420927479471	increaser
cmag_217	-0.112570421184331	increaser
cmag_218	-0.0650906738547917	increaser
cmag_219	1.1183424987557e-4	decreaser
cmag_220	-0.0441677204414441	decreaser
cmag_221	-0.0491195986078388	increaser
cmag_222	-0.044670108006184	increaser
cmag_223	-0.0627862639127275	increaser
cmag_224	-0.0290719076287474	increaser
cmag_225	-0.063273883771608	increaser
cmag_226	0.0272653256678554	decreaser
cmag_227	NA	stable
cmag_228	0.00906809481670095	decreaser
cmag_229	0.0152820710469322	increaser
cmag_230	-0.121152224980256	increaser
cmag_231	0.0503591516922018	decreaser
cmag_232	0.0183618605780216	increaser
cmag_233	-0.0159205641096864	decreaser
cmag_234	-0.101161624607581	increaser
cmag_235	-0.00868175233106191	decreaser
cmag_236	-0.0114301256189801	increaser
cmag_237	-0.0705188246614061	increaser
cmag_238	0.015264235721373	decreaser
cmag_239	-0.0392877005576357	increaser
cmag_240	-0.0442501120930034	decreaser
cmag_241	-0.0600207357145183	increaser
cmag_242	-0.0464614999157195	increaser
cmag_243	-0.0455798834499738	increaser
cmag_244	-0.0874105898169095	increaser
cmag_245	-0.0363075502557388	decreaser
cmag_246	-0.0497348361306454	increaser
cmag_247	NA	stable
cmag_248	-0.0249055716385631	increaser
cmag_249	-0.114171612245206	increaser
cmag_250	-0.110253628690455	increaser
cmag_251	-0.105424288363987	increaser
cmag_252	-0.0267336945277416	increaser
cmag_253	NA	stable
cmag_254	-0.0916327131784362	increaser
cmag_255	0.00248665622054428	decreaser
cmag_256	-0.0430229649809931	increaser
cmag_257	-0.116800083537076	increaser
cmag_258	-0.0322633048848701	increaser
cmag_259	-0.0616127437260659	increaser
cmag_260	-0.025485038262126	increaser
cmag_261	-0.0858520799756174	increaser
cmag_262	0.0637932534374821	increaser
cmag_263	-0.0890414081182755	increaser
cmag_264	-0.104942519522451	increaser
cmag_265	0.0340186836118216	increaser
cmag_266	-0.087181412141304	decreaser
cmag_267	-0.0782848393502481	increaser
cmag_268	-0.0193208793248092	increaser
cmag_269	-0.0482755156893977	increaser
cmag_270	-0.0673574359525386	decreaser
cmag_271	NA	stable
cmag_272	-0.103535895812213	increaser
cmag_273	-0.0149390041316348	increaser
cmag_274	NA	stable
cmag_275	-0.0382814473866154	increaser
cmag_276	-0.0806469934108623	increaser
cmag_277	-0.072151437592475	increaser
cmag_278	-0.0772008074905006	increaser
cmag_279	-0.103892971351178	increaser
cmag_280	-0.0757433113128759	increaser
cmag_281	NA	stable
cmag_282	-0.0247031834668358	increaser
cmag_283	-0.0583802228765723	increaser
cmag_284	-0.0874952757907915	increaser
cmag_285	-0.0821818163656144	increaser
cmag_286	-0.0273696597264058	increaser
cmag_287	-0.102548047472204	increaser
cmag_288	NA	stable
cmag_289	-1.6861809525698e-4	increaser
cmag_290	-0.0873124860715065	increaser
cmag_291	-0.019409501597214	decreaser
cmag_292	NA	stable
cmag_293	-0.0611294228287741	increaser
cmag_294	-0.057241887086382	increaser
cmag_295	0.0352831047346291	decreaser
cmag_296	-0.114218062887169	increaser
cmag_297	-0.0309979819396106	increaser
cmag_298	-0.10320997842336	decreaser
cmag_299	-0.0367677803209743	increaser
cmag_300	-0.0428844101604521	increaser
cmag_301	-0.0536261184254635	increaser
cmag_302	-0.114418095195594	increaser
cmag_303	-0.081685006038876	increaser
cmag_304	-0.0199685610967322	decreaser
cmag_305	-0.0654336441832756	increaser
cmag_306	-0.00361158042288163	increaser
cmag_307	-0.0608309271498494	increaser
cmag_308	-0.00871533923784463	decreaser
cmag_309	-0.0068656004266638504	increaser
cmag_310	0.0159078926398654	increaser
cmag_311	-0.069411245829997	increaser
cmag_312	-0.0526727837959454	increaser
cmag_313	-0.129866803583923	increaser
cmag_314	-0.00862655613565952	increaser
cmag_315	-0.0200449973885028	decreaser
cmag_316	-0.0471464270854012	increaser
cmag_317	-0.0513745434669338	increaser
cmag_318	-0.10881679721193	increaser
cmag_319	-0.0942903560496369	increaser
cmag_320	-0.00710238611984086	increaser
cmag_321	-0.0924437479922027	increaser
cmag_322	-0.0654161686507876	decreaser
cmag_323	-0.0751105264718044	increaser
cmag_324	0.00805780415693057	decreaser
cmag_325	0.0202852846442589	decreaser
cmag_326	0.00995304170273448	decreaser
cmag_327	0.0824853549077315	decreaser
cmag_328	-0.0709074359206101	increaser
cmag_329	-0.046268596316232	decreaser
cmag_330	-0.055660603009913	decreaser
cmag_331	-0.0834464254254146	increaser
cmag_332	NA	stable
cmag_333	-0.0371267561354442	increaser
cmag_334	-0.0924995689151637	increaser
cmag_335	-0.102633743976971	increaser
cmag_336	-0.0592130169492288	increaser
cmag_337	-0.00113492259074083	decreaser
cmag_338	-0.0213694725274857	decreaser
cmag_339	-0.0534479306731705	decreaser
cmag_340	-0.0833752416644934	increaser
cmag_341	0.00719847807385006	decreaser
cmag_342	-0.0492165176051835	increaser
cmag_343	-0.0264285634500158	decreaser
cmag_344	-0.027919936594987	increaser
cmag_345	-0.0352082131525096	decreaser
cmag_346	-0.0356486213361664	increaser
cmag_347	NA	stable
cmag_348	-0.0772972889422988	increaser
cmag_349	0.0185462641049176	decreaser
cmag_350	-0.0740274830860141	increaser
cmag_351	-0.0669275631781633	increaser
cmag_352	-0.0713099572204888	increaser
cmag_353	-0.0947935988448842	increaser
cmag_354	-0.0707108987537496	increaser
cmag_355	-0.0236585892826733	decreaser
cmag_356	-0.0984436400327048	increaser
cmag_357	-0.115553703779705	increaser
cmag_358	-0.1017252738428	increaser
cmag_359	-0.054407630758689	increaser
cmag_360	-0.108124526701716	increaser
cmag_361	0.0212404525502501	decreaser
cmag_362	-0.0900940159301025	increaser
cmag_363	-0.0765957019821465	increaser
cmag_364	0.00594102465752078	decreaser
cmag_365	-0.0464724170513956	increaser
cmag_366	-0.0875529591800322	increaser
cmag_367	-0.119635741301777	increaser
cmag_368	-0.0295045938898616	increaser
cmag_369	-0.0338294714432976	increaser
cmag_370	NA	stable
cmag_371	NA	stable
cmag_372	-0.0493835524899841	increaser
cmag_373	-0.0186967340121902	increaser
cmag_374	-0.0186378733159901	increaser
cmag_375	NA	stable
cmag_376	-0.0728358821580289	increaser
cmag_377	-0.103822645302504	increaser
cmag_378	-0.0920693323765855	increaser
cmag_379	-0.107121484128467	increaser
cmag_380	-0.0596897818525079	increaser
cmag_381	-0.0506155967078535	increaser
cmag_382	-0.0100983909498606	increaser
cmag_383	-0.0897670183950526	increaser
cmag_384	-0.055164903843317	increaser
cmag_385	-0.0546237149520931	increaser
cmag_386	-0.0642116668479765	increaser
cmag_387	-0.0994081814879136	increaser
cmag_388	-0.066542743286525	increaser
cmag_389	-0.0841031632260294	increaser
cmag_390	-0.0928709757536217	increaser
cmag_391	-0.0348866907407463	increaser
cmag_392	NA	stable
cmag_393	0.0148423689289707	decreaser
cmag_394	-0.0284161262731472	increaser
cmag_395	NA	stable
cmag_396	-0.120006219854584	increaser
cmag_397	-0.0435533577912626	increaser
cmag_398	-0.0548410044602592	increaser
cmag_399	-0.106579619592496	increaser
cmag_400	-0.00253188652317805	decreaser
cmag_401	-0.128108343143322	increaser
cmag_402	-0.0516873292821268	increaser
cmag_403	0.0474453511251347	decreaser
cmag_404	-0.0906251945496029	increaser
cmag_405	0.0168958055405149	increaser
cmag_406	-0.0616828993228023	increaser
cmag_407	-0.0596418236829924	increaser
cmag_408	-0.0391003228590991	increaser
cmag_409	-0.0204389047324626	decreaser
cmag_410	-0.0185986301867867	decreaser
cmag_411	-0.0584171314313399	increaser
cmag_412	-0.0609679961789399	increaser
cmag_413	-0.0874197055280646	increaser
cmag_414	-0.110284185527418	increaser
cmag_415	-0.0361698321818256	increaser
cmag_416	-0.028177936283025	increaser
cmag_417	-0.00391860574931443	decreaser
cmag_418	0.00415854133840885	decreaser
cmag_419	-0.0200325155220814	decreaser
cmag_420	-0.0566524779321749	increaser
cmag_421	-0.0411669673863969	increaser
cmag_422	-0.0259403717322339	increaser
cmag_423	NA	stable
cmag_424	-0.0554255132897799	increaser
cmag_425	-0.0907373046030767	increaser
cmag_426	-0.0636871709016325	decreaser
cmag_427	0.00765343594290981	decreaser
cmag_428	-0.099270936779734	increaser
cmag_429	-0.109705419595991	decreaser
cmag_430	NA	stable
cmag_431	-0.0470620724893912	increaser
cmag_432	NA	stable
cmag_433	NA	stable
cmag_434	-0.0960862643131923	increaser
cmag_435	-0.109253637826065	increaser
cmag_436	-0.0163634103652616	increaser
cmag_437	-0.0348194091934424	increaser
cmag_438	-0.0419108437421967	increaser
cmag_439	-0.0338122472964251	increaser
cmag_440	-0.0269482240460168	increaser
cmag_441	NA	stable
cmag_442	-0.0902749707456111	decreaser
cmag_443	-0.0981814635191209	increaser
cmag_444	-0.0493597347079959	increaser
cmag_445	0.00333893825487968	decreaser
cmag_446	-0.0782131624297104	increaser
cmag_447	0.0200450318157642	increaser
cmag_448	NA	stable
cmag_449	-0.0696550409981869	increaser
cmag_450	-0.0587461189523309	increaser
cmag_451	NA	stable
cmag_452	-0.0348275361413498	decreaser
cmag_453	-0.0113969297295487	decreaser
cmag_454	-0.0676761787279952	increaser
cmag_455	NA	stable
cmag_456	-0.0900532437677856	increaser
cmag_457	-0.12693276854145	increaser
cmag_458	-0.0409134343726206	increaser
cmag_459	-0.0480577674458912	increaser
cmag_460	0.0317049252075309	decreaser
cmag_461	-0.00687699543592322	increaser
cmag_462	-0.023706910611065	increaser
cmag_463	-0.00730099203348842	decreaser
cmag_464	0.0862109667809259	increaser
cmag_465	-0.0754434942719376	increaser
cmag_466	-0.0252446868230633	increaser
cmag_467	-0.110781421287244	increaser
cmag_468	-0.137468518779737	increaser
cmag_469	-0.0337793201604686	decreaser
cmag_470	-0.0409165359497582	increaser
cmag_471	-0.0451390363733939	increaser
cmag_472	-0.0271852787374236	decreaser
cmag_473	-0.0619695174803669	increaser
cmag_474	-0.0875564639306531	increaser
cmag_475	-0.108236430402392	increaser
cmag_476	-0.00424504464439742	increaser
cmag_477	0.0171431033315327	decreaser
cmag_478	-0.0171246822548486	increaser
cmag_479	-0.0543320941273834	increaser
cmag_480	-0.0324129408730143	decreaser
cmag_481	-0.078064152802742	increaser
cmag_482	-0.0689294350643421	increaser
cmag_483	-0.0545674734730805	increaser
cmag_484	NA	stable
cmag_485	-0.0816151214263088	increaser
cmag_486	-0.0605759125404354	increaser
cmag_487	NA	stable
cmag_488	0.0202320733861953	decreaser
cmag_489	-0.0522607198622573	increaser
cmag_490	-0.0137496576715151	decreaser
cmag_491	NA	stable
cmag_492	-0.0984245155675154	increaser
cmag_493	0.0468863024965802	increaser
cmag_494	2.3029584506853e-4	decreaser
cmag_495	-0.119402277141269	increaser
cmag_496	-0.00235282876816319	increaser
cmag_497	-0.0770192423343084	increaser
cmag_498	-0.0462215434994707	increaser
cmag_499	-0.0149579297948282	increaser
cmag_500	-0.0201121597478963	increaser
cmag_501	-0.0784672383152133	increaser
cmag_502	-0.0146976852714741	increaser
cmag_503	-0.0386462888867957	increaser
cmag_504	-0.00119695421156397	decreaser
cmag_505	-0.0473497524539865	increaser
cmag_506	-0.0657094938381007	increaser
cmag_507	-0.0577468230423654	increaser
cmag_508	0.0399747203182067	increaser
cmag_509	0.0486253806107074	increaser
cmag_510	0.0540986258342261	decreaser
cmag_511	-0.0574074749585843	increaser
cmag_512	-0.11463812742697	increaser
cmag_513	-0.0993053506037654	increaser
cmag_514	-0.0727115044595417	increaser
cmag_515	-0.0354451664423001	increaser
cmag_516	-0.134489957936704	increaser
cmag_517	-0.0925304899641052	increaser
cmag_518	-0.047293319666466	increaser
cmag_519	-0.115828555935228	increaser
cmag_520	-0.10385607314754	increaser
cmag_521	-0.10033314913894	increaser
cmag_522	-0.0907172372437599	increaser
cmag_523	-0.0584227860725172	increaser
cmag_524	-0.0914586385461636	increaser
cmag_525	-0.108265361213826	increaser
cmag_526	-0.061412372952823	increaser
cmag_527	-0.101278131118493	increaser
cmag_528	-0.0563951350289334	increaser
cmag_529	-0.0971876251943384	increaser
cmag_530	-0.00965245295798218	increaser
cmag_531	-0.022002991489535	increaser
cmag_532	-0.0391379013778336	decreaser
cmag_533	-0.058952609598575	increaser
cmag_534	-0.0922593902418192	increaser
cmag_535	-0.0382762034669833	increaser
cmag_536	-0.100306879561844	increaser
cmag_537	0.0113771036180941	decreaser
cmag_538	-0.0335187877925765	increaser
cmag_539	-0.122148381842141	increaser
cmag_540	-0.0557880363023944	increaser
cmag_541	-0.0260267352054603	increaser
cmag_542	0.0241689173391673	decreaser
cmag_543	0.0420282811539021	increaser
cmag_544	-0.0865037860859133	increaser
cmag_545	0.0116955707663409	decreaser
cmag_546	-0.0714679529745142	increaser
cmag_547	-0.0988771240609888	increaser
cmag_548	-0.0760922048345519	increaser
cmag_549	-0.0970902580939673	increaser
cmag_550	-0.0425442310827675	increaser
cmag_551	-0.0285797287788607	increaser
cmag_552	-0.0633432722638148	increaser
cmag_553	-0.052321972964624	increaser
cmag_554	NA	stable
cmag_555	-0.109539994170001	increaser
cmag_556	-0.104078404817242	increaser
cmag_557	-0.0451274998911833	increaser
cmag_558	-0.0317567643798811	increaser
cmag_559	-0.016833758515878	increaser
cmag_560	-0.0213377808767493	increaser
cmag_561	-0.112979011432107	increaser
cmag_562	-0.0329748698164489	increaser
cmag_563	-0.0344733861109995	increaser
cmag_564	-0.0400379685870412	decreaser
cmag_565	-0.0558792837892855	decreaser
cmag_566	0.0749615351922764	decreaser
cmag_567	-0.0392611534938096	decreaser
cmag_568	0.0236648829799562	decreaser
cmag_569	-0.0386834787711351	decreaser
cmag_570	-0.0708931760935445	decreaser
cmag_571	-0.0399061251690435	increaser
cmag_572	0.0265135253036183	increaser
cmag_573	-0.00813456180224824	decreaser
cmag_574	-0.113389831625888	increaser
cmag_575	-0.123844192332059	increaser
cmag_576	-0.0144764224040519	decreaser
cmag_577	-0.0261069340869655	decreaser
cmag_578	-0.0700380933070822	increaser
cmag_579	-0.108710906148117	increaser
cmag_580	-0.0341588407213372	increaser
cmag_581	-0.053842854770878	increaser
cmag_582	-0.118314246363721	increaser
cmag_583	-0.0463743421020998	decreaser
cmag_584	NA	stable
cmag_585	-0.0565332245731315	increaser
cmag_586	-0.0565165275498151	increaser
cmag_587	-0.0211535609010706	increaser
cmag_588	-0.104837395311357	increaser
cmag_589	0.0146085485461507	increaser
cmag_590	-0.0167065501525008	increaser
cmag_591	-0.0161323739240025	increaser
cmag_592	-0.0110190336118085	decreaser
cmag_593	-0.0875213901781931	increaser
cmag_594	-6.0622032875883e-4	decreaser
cmag_595	-0.0882664158548863	increaser
cmag_596	-0.0152830627008568	increaser
cmag_597	-0.00213040103924356	decreaser
cmag_598	-0.0493014826980958	increaser
cmag_599	-0.0219905818555743	increaser
cmag_600	-0.0910582304212406	increaser
cmag_601	-0.0226446199923612	decreaser
cmag_602	NA	stable
cmag_603	0.00715901848428052	decreaser
cmag_604	0.0155178057216756	decreaser
cmag_605	-0.019652560228977	decreaser
cmag_606	-0.069484776577459	increaser
cmag_607	0.0234116845494476	decreaser
cmag_608	-0.0629623424435608	increaser
cmag_609	-0.0243307551030377	increaser
cmag_610	-0.0341387880627073	increaser
cmag_611	-0.071593360083972	increaser
cmag_612	-0.0842507808545096	increaser
cmag_613	-0.00587438717830853	increaser
cmag_614	-0.0629597582938709	increaser
cmag_615	-0.0695557973041218	increaser
cmag_616	-0.0709376922556133	increaser
cmag_617	-0.0974912766497417	increaser
cmag_618	-0.0845755890003103	increaser
cmag_619	-0.0739022273255239	increaser
cmag_620	-0.0386414868528139	increaser
cmag_621	-0.053594294950171	decreaser
cmag_622	NA	stable
cmag_623	NA	stable
cmag_624	0.0770502176005209	decreaser
cmag_625	-0.00515909535046345	decreaser
cmag_626	-0.0556530499583898	increaser
cmag_627	NA	stable
cmag_628	0.0286499324670591	decreaser
cmag_629	0.0118509665311372	increaser
cmag_630	-0.028607926833754	increaser
cmag_631	-0.11506014333337	increaser
cmag_632	-0.00687487172739076	increaser
cmag_633	-0.0629869122938863	increaser
cmag_634	-0.0262143137200936	increaser
cmag_635	-0.0304129161958755	increaser
cmag_636	-0.0346063368978466	increaser
cmag_637	-0.0347456860053983	increaser
cmag_638	-0.0179426248243282	increaser
cmag_639	-0.0191830947361274	increaser
cmag_640	-0.00922546051101314	decreaser
cmag_641	-0.0328008187122801	decreaser
cmag_642	-0.0530809231306269	increaser
cmag_643	-0.0819709454951144	increaser
cmag_644	-0.0271595426593479	increaser
cmag_645	-0.031468381872624	increaser
cmag_646	-0.10272855125921	increaser
cmag_647	-0.015655531708816	decreaser
cmag_648	-0.0858656468468919	increaser
cmag_649	-0.0958918157241495	increaser
cmag_650	-0.0947099141390359	increaser
cmag_651	-0.032928989363367	increaser
cmag_652	-0.123764513289723	increaser
cmag_653	-0.0839476092318084	increaser
cmag_654	-0.0373418034816523	increaser
cmag_655	-0.0761108575979531	increaser
cmag_656	-0.0958376434967541	increaser
cmag_657	-0.0982040195536972	increaser
cmag_658	-0.0497867491797401	increaser
cmag_659	-0.0837351577707903	increaser
cmag_660	-0.124456858767057	increaser
cmag_661	-0.106066179747812	increaser
cmag_662	-0.0963325367524224	increaser
cmag_663	-0.00336686514939266	increaser
cmag_664	-0.0959517884878624	increaser
cmag_665	-0.0209973137706281	decreaser
cmag_666	-0.0797210915771479	increaser
cmag_667	-0.0426456085994133	increaser
cmag_668	-0.0657360762827214	increaser
cmag_669	-0.0593240879087278	decreaser
cmag_670	-0.0833132779214561	increaser
cmag_671	-0.11672350569835	increaser
cmag_672	-0.0674915124962952	increaser
cmag_673	-0.0401277462189816	decreaser
cmag_674	-0.0722611391164556	decreaser
cmag_675	-0.0609605809503641	decreaser
cmag_676	-0.00959103447257565	decreaser
cmag_677	-0.0634397252641489	decreaser
cmag_678	-0.0523153278767626	increaser
cmag_679	-0.0728929954269622	increaser
cmag_680	-0.0583081747953254	increaser
cmag_681	-0.103833878972894	increaser
cmag_682	-0.077591926442354	increaser
cmag_683	-0.0529312640341082	increaser
cmag_684	-0.0136116011434267	decreaser
cmag_685	-0.090264699351566	increaser
cmag_686	-0.0816265806876525	increaser
cmag_687	-0.12655095091168	increaser
cmag_688	-0.0368562858855499	increaser
cmag_689	-0.0404104389351328	increaser
cmag_690	-0.0579843809982445	increaser
cmag_691	-0.0757047634126193	increaser
cmag_692	-0.0951204060212938	increaser
cmag_693	-0.0227290413349437	increaser
cmag_694	-0.0488463717500188	increaser
cmag_695	-0.0219068765165828	decreaser
cmag_696	-0.0281522214319828	increaser
cmag_697	-0.089548854939037	increaser
cmag_698	-0.0228679544693315	decreaser
cmag_699	NA	stable
cmag_700	-0.0571106916911181	decreaser
cmag_701	-0.0627188795657146	increaser
cmag_702	-0.0367847656753483	decreaser
cmag_703	-0.00138768058644797	increaser
cmag_704	-0.00476844591259043	increaser
cmag_705	NA	stable
cmag_706	-0.0208104153144369	decreaser
cmag_707	-0.0265339097638972	decreaser
cmag_708	NA	stable
cmag_709	-0.0450370553157614	decreaser
cmag_710	-0.081163426574057	decreaser
cmag_711	NA	stable
cmag_712	NA	stable
cmag_713	-0.0939532254242674	decreaser
cmag_714	-0.0428074777999616	increaser
cmag_715	-0.0900708555479094	decreaser
cmag_716	-0.111851096167723	increaser
cmag_717	-0.0453324104610835	increaser
cmag_718	-0.0758395650209841	increaser
cmag_719	-0.0486374033500716	increaser
cmag_720	-0.0501342343306739	increaser
cmag_721	-0.037993308297204	increaser
cmag_722	-0.0623351816193114	increaser
cmag_723	-0.0168638152436636	increaser
cmag_724	-0.0084319581640418	increaser
cmag_725	0.00629395456965992	increaser
cmag_726	-0.0897343860557099	increaser
cmag_727	-0.0321073240690781	decreaser
cmag_728	-0.0430132094191416	increaser
cmag_729	0.0635685091688304	increaser
cmag_730	-0.0557596782444408	increaser
cmag_731	0.00770399619026506	decreaser
cmag_732	0.0070342135673812	decreaser
cmag_733	-0.00452424281229554	increaser
cmag_734	-0.00154310290255551	increaser
cmag_735	-0.0723495793928871	increaser
cmag_736	-0.0977217455862098	increaser
cmag_737	0.0109858622442025	decreaser
cmag_738	-0.0191617134304319	decreaser
cmag_739	NA	stable
cmag_740	0.0279332762567742	increaser
cmag_741	-0.0838996760716239	increaser
cmag_742	-0.107281336450184	decreaser
cmag_743	-0.0702301310526452	increaser
cmag_744	-0.0279818554258849	increaser
cmag_745	-0.0133962032098213	increaser
cmag_746	-0.00935370244020188	decreaser
cmag_747	0.0162326116221475	increaser
cmag_748	-0.0498741977979098	increaser
cmag_749	0.0174664412725367	increaser
cmag_750	-0.00452016456785342	decreaser
cmag_751	-0.0562155224833335	decreaser
cmag_752	0.0241826474131633	decreaser
cmag_753	-0.111333690076853	increaser
cmag_754	NA	stable
cmag_755	-0.0534877602482133	increaser
cmag_756	-0.124096340913677	increaser
cmag_757	-0.0637640510034387	increaser
cmag_758	-0.016191477081843	increaser
cmag_759	-0.0782979983043939	increaser
cmag_760	-0.101476612907261	increaser
cmag_761	-0.107733864768356	increaser
cmag_762	-0.110810048274522	increaser
cmag_763	-0.0866052714930645	increaser
cmag_764	-0.00340876166630978	increaser
cmag_765	-0.0832443135974829	increaser
cmag_766	-0.0537130966466772	increaser
cmag_767	-0.0660230410022664	increaser
cmag_768	-0.0886486162488444	increaser
cmag_769	-0.0686319742123351	increaser
cmag_770	-0.0958578825459659	increaser
cmag_771	-0.0746549802203359	increaser
cmag_772	-0.0475171802660044	increaser
cmag_773	-0.0998463554254238	increaser
cmag_774	-0.0146478564539725	increaser
cmag_775	-0.0384560011755726	decreaser
cmag_776	-0.12314915273371	increaser
cmag_777	-0.0324567790782728	decreaser
cmag_778	0.00103073565318165	decreaser
cmag_779	-0.112481648696358	increaser
cmag_780	-0.0443638709904924	increaser
cmag_781	-0.0575062625056246	increaser
cmag_782	0.0790166826421476	decreaser
cmag_783	-0.00782158427771658	increaser
cmag_784	NA	stable
cmag_785	-0.0745714211348774	increaser
cmag_786	-0.0430478266718691	decreaser
cmag_787	-0.0362878848514905	increaser
cmag_788	NA	stable
cmag_789	0.0125399961496639	decreaser
cmag_790	0.00969696606797853	decreaser
cmag_791	-0.00993450472275292	decreaser
cmag_792	-0.0638394756350182	increaser
cmag_793	-0.00199268921214898	decreaser
cmag_794	-0.0218796040287672	increaser
cmag_795	NA	stable
cmag_796	-0.0716684384473879	increaser
cmag_797	0.0341831895271525	decreaser
cmag_798	0.0134850908335574	decreaser
cmag_799	-0.0268685942085976	decreaser
cmag_800	-0.0016037814672968	increaser
cmag_801	-0.0367012756557642	increaser
cmag_802	-0.00869597083890387	decreaser
cmag_803	-0.0270513124921698	increaser
cmag_804	-0.085499583612276	increaser
cmag_805	-0.0180041089569113	decreaser
cmag_806	-0.0221346400300202	increaser
cmag_807	-0.0663688391910944	increaser
cmag_808	-0.059250375020526	increaser
cmag_809	0.0110136126646778	decreaser
cmag_810	-0.0927903043403355	increaser
cmag_811	-0.0945175483191746	increaser
cmag_812	-0.11466704494744	increaser
cmag_813	-0.0313458679522623	increaser
cmag_814	-0.0458534314532561	increaser
cmag_815	-0.0548637152654754	increaser
cmag_816	NA	stable
cmag_817	-0.0677075724042014	increaser
cmag_818	-0.0396876435170841	increaser
cmag_819	-0.0479792252170493	increaser
cmag_820	-0.107976511787445	increaser
cmag_821	-0.114707046339757	increaser
cmag_822	-0.0476867955692557	decreaser
cmag_823	-0.00846683824113282	increaser
cmag_824	0.0257513475047638	decreaser
cmag_825	0.00817111201920671	decreaser
