mag_name	mag_id	ena_acession	mag_ena_code
ERR4301269bin.7	cmag_001	ERZ12818204	GCA_946492575
ERR4303136bin.34	cmag_002	ERZ12818207	GCA_946494525
ERR4303137bin.12	cmag_003	ERZ12818195	GCA_946485935
ERR4303137bin.30	cmag_004	ERZ12818463	GCA_946493855
ERR4303137bin.34	cmag_005	ERZ12818243	GCA_946487785
ERR4303137bin.35	cmag_006	ERZ12818534	GCA_946490765
ERR4303138bin.28	cmag_007	ERZ12818468	GCA_946486945
ERR4303138bin.37	cmag_008	ERZ12818559	GCA_946493005
ERR4303139bin.27	cmag_009	ERZ12818406	GCA_946488485
ERR4303140bin.1	cmag_010	ERZ12818331	GCA_946493505
ERR4303147bin.12	cmag_011	ERZ12818566	GCA_946493535
ERR4303147bin.39	cmag_012	ERZ12818563	GCA_946493125
ERR4303147bin.44	cmag_013	ERZ12818273	GCA_946491805
ERR4303147bin.48	cmag_014	ERZ12818434	GCA_946490445
ERR4303147bin.52	cmag_015	ERZ12818409	GCA_946488505
ERR4303147bin.54	cmag_016	ERZ12818469	GCA_946492145
ERR4303148bin.1	cmag_017	ERZ12818261	GCA_946490665
ERR4303148bin.29	cmag_018	ERZ12818430	GCA_946488425
ERR4303149bin.21	cmag_019	ERZ12818283	GCA_946493825
ERR4303149bin.27	cmag_020	ERZ12818385	GCA_946493185
ERR4303149bin.29	cmag_021	ERZ12818314	GCA_946488175
ERR4303149bin.36	cmag_022	ERZ12818523	GCA_946486045
ERR4303150bin.25	cmag_023	ERZ12818521	GCA_946490815
ERR4303150bin.41	cmag_024	ERZ12818360	GCA_946486275
ERR4303150bin.6	cmag_025	ERZ12818256	GCA_946494605
ERR4303150bin.7	cmag_026	ERZ12818309	GCA_946493485
ERR4303151bin.10	cmag_027	ERZ12818262	GCA_946494425
ERR4303151bin.35	cmag_028	ERZ12818316	GCA_946488445
ERR4303151bin.51	cmag_029	ERZ12818555	GCA_946493755
ERR4303151bin.6	cmag_030	ERZ12818554	GCA_946492885
ERR4303152bin.33	cmag_031	ERZ12818211	GCA_946493885
ERR4303152bin.5	cmag_032	ERZ12818531	GCA_946486135
ERR4303152bin.6	cmag_033	ERZ12818236	GCA_946492565
ERR4303154bin.23	cmag_034	ERZ12818408	GCA_946491785
ERR4303154bin.29	cmag_035	ERZ12818237	GCA_946491795
ERR4303154bin.32	cmag_036	ERZ12818318	GCA_946492115
ERR4303154bin.33	cmag_037	ERZ12818490	GCA_946492185
ERR4303154bin.37	cmag_038	ERZ12818290	GCA_946488145
ERR4303154bin.7	cmag_039	ERZ12818276	GCA_946494495
ERR4303155bin.13	cmag_040	ERZ12818326	GCA_946484175
ERR4303155bin.51	cmag_041	ERZ12818302	GCA_946488005
ERR4303155bin.7	cmag_042	ERZ12818380	GCA_946491685
ERR4303155bin.77	cmag_043	ERZ12818467	GCA_946490825
ERR4303156bin.11	cmag_044	ERZ12818320	GCA_946493515
ERR4303156bin.12	cmag_045	ERZ12818239	GCA_946494515
ERR4303156bin.23	cmag_046	ERZ12818564	GCA_946485505
ERR4303156bin.5	cmag_047	ERZ12818304	GCA_946487775
ERR4303157bin.17	cmag_048	ERZ12818465	GCA_946491875
ERR4303157bin.8	cmag_049	ERZ12818197	GCA_946487955
ERR4303158bin.17	cmag_050	ERZ12818200	GCA_946486155
ERR4303158bin.24	cmag_051	ERZ12818330	GCA_946488815
ERR4303158bin.27	cmag_052	ERZ12818510	GCA_946492915
ERR4303158bin.38	cmag_053	ERZ12818411	GCA_946491775
ERR4303158bin.59	cmag_054	ERZ12818294	GCA_946488115
ERR4303158bin.61	cmag_055	ERZ12818551	GCA_946493845
ERR4303159bin.34	cmag_056	ERZ12818517	GCA_946486585
ERR4303161bin.16	cmag_057	ERZ12818323	GCA_946490605
ERR4303161bin.27	cmag_058	ERZ12818210	GCA_946492525
ERR4303161bin.36	cmag_059	ERZ12818322	GCA_946488305
ERR4303161bin.39	cmag_060	ERZ12818227	GCA_946494645
ERR4303161bin.47	cmag_061	ERZ12818501	GCA_946486515
ERR4303161bin.49	cmag_062	ERZ12818264	GCA_946487855
ERR4303161bin.86	cmag_063	ERZ12818414	GCA_946491745
ERR4303162bin.26	cmag_064	ERZ12818275	GCA_946490525
ERR4303162bin.31	cmag_065	ERZ12818324	GCA_946493465
ERR4303162bin.41	cmag_066	ERZ12818215	GCA_946483515
ERR4303162bin.8	cmag_067	ERZ12818222	GCA_946492545
ERR4303163bin.31	cmag_068	ERZ12818307	GCA_946490195
ERR4303163bin.49	cmag_069	ERZ12818535	GCA_946486265
ERR4303163bin.54	cmag_070	ERZ12818431	GCA_946491675
ERR4303163bin.60	cmag_071	ERZ12818312	GCA_946488155
ERR4303163bin.64	cmag_072	ERZ12818492	GCA_946490685
ERR4303164bin.29	cmag_073	ERZ12818281	GCA_946494365
ERR4303164bin.43	cmag_074	ERZ12818543	GCA_946490965
ERR4303164bin.45	cmag_075	ERZ12818274	GCA_946485115
ERR4303165bin.17	cmag_076	ERZ12818504	GCA_946492745
ERR4303165bin.34	cmag_077	ERZ12818530	GCA_946490745
ERR4303165bin.63	cmag_078	ERZ12818528	GCA_946490585
ERR4303169bin.21	cmag_079	ERZ12818500	GCA_946493805
ERR4303169bin.22	cmag_080	ERZ12818202	GCA_946492615
ERR4303169bin.25	cmag_081	ERZ12818257	GCA_946487805
ERR4303169bin.6	cmag_082	ERZ12818311	GCA_946488955
ERR4303170bin.3	cmag_083	ERZ12818223	GCA_946494585
ERR4303170bin.59	cmag_084	ERZ12818503	GCA_946490875
ERR4303170bin.62	cmag_085	ERZ12818201	GCA_946485905
ERR4303171bin.26	cmag_086	ERZ12818497	GCA_946495465
ERR4303171bin.43	cmag_087	ERZ12818297	GCA_946494685
ERR4303172bin.20	cmag_088	ERZ12818336	GCA_946491085
ERR4303172bin.39	cmag_089	ERZ12818306	GCA_946485975
ERR4303194bin.18	cmag_090	ERZ12818387	GCA_946488855
ERR4303194bin.54	cmag_091	ERZ12818552	GCA_946493095
ERR4303194bin.64	cmag_092	ERZ12818496	GCA_946493695
ERR4303195bin.1	cmag_093	ERZ12818511	GCA_946495405
ERR4303195bin.15	cmag_094	ERZ12818279	GCA_946490635
ERR4303195bin.34	cmag_095	ERZ12818565	GCA_946486545
ERR4303195bin.36	cmag_096	ERZ12818516	GCA_946492875
ERR4303195bin.40	cmag_097	ERZ12818560	GCA_946493075
ERR4303195bin.50	cmag_098	ERZ12818289	GCA_946484155
ERR4303195bin.51	cmag_099	ERZ12818310	GCA_946484975
ERR4303195bin.55	cmag_100	ERZ12818209	GCA_946487825
ERR4303196bin.52	cmag_101	ERZ12818253	GCA_946494355
ERR4303196bin.67	cmag_102	ERZ12818288	GCA_946484085
ERR4303197bin.23	cmag_103	ERZ12818214	GCA_946492605
ERR4303197bin.30	cmag_104	ERZ12818494	GCA_946492755
ERR4303197bin.31	cmag_105	ERZ12818203	GCA_946493875
ERR4303197bin.37	cmag_106	ERZ12818235	GCA_946482875
ERR4303197bin.62	cmag_107	ERZ12818405	GCA_946488875
ERR4303197bin.71	cmag_108	ERZ12818525	GCA_946482775
ERR4303198bin.16	cmag_109	ERZ12818437	GCA_946491725
ERR4303198bin.17	cmag_110	ERZ12818232	GCA_946487935
ERR4303198bin.23	cmag_111	ERZ12818241	GCA_946492585
ERR4303198bin.28	cmag_112	ERZ12818313	GCA_946493455
ERR4303198bin.48	cmag_113	ERZ12818208	GCA_946493925
ERR4303198bin.53	cmag_114	ERZ12818270	GCA_946494535
ERR4303198bin.62	cmag_115	ERZ12818556	GCA_946493785
ERR4303198bin.74	cmag_116	ERZ12818285	GCA_946487925
ERR4303198bin.77	cmag_117	ERZ12818509	GCA_946486655
ERR4303198bin.87	cmag_118	ERZ12818317	GCA_946484415
ERR4303198bin.91	cmag_119	ERZ12818315	GCA_946490385
ERR4303199bin.13	cmag_120	ERZ12818220	GCA_946494575
ERR4303199bin.26	cmag_121	ERZ12818381	GCA_946488945
ERR4303199bin.55	cmag_122	ERZ12818248	GCA_946491925
ERR4303199bin.8	cmag_123	ERZ12818325	GCA_946488355
ERR4303200bin.10	cmag_124	ERZ12818502	GCA_946486955
ERR4303200bin.30	cmag_125	ERZ12818432	GCA_946493765
ERR4303201bin.14	cmag_126	ERZ12818298	GCA_946488165
ERR4303201bin.25	cmag_127	ERZ12818388	GCA_946488845
ERR4303201bin.48	cmag_128	ERZ12818240	GCA_946494335
ERR4303201bin.49	cmag_129	ERZ12818198	GCA_946493965
ERR4303202bin.36	cmag_130	ERZ12818328	GCA_946485895
ERR4303202bin.39	cmag_131	ERZ12818538	GCA_946486345
ERR4303202bin.47	cmag_132	ERZ12818461	GCA_946493425
ERR4303202bin.55	cmag_133	ERZ12818260	GCA_946494415
ERR4303202bin.87	cmag_134	ERZ12818550	GCA_946491545
ERR4303202bin.9	cmag_135	ERZ12818512	GCA_946486635
ERR4303216bin.24	cmag_136	ERZ12818258	GCA_946494405
ERR4303216bin.25	cmag_137	ERZ12818267	GCA_946487945
ERR4303216bin.37	cmag_138	ERZ12818229	GCA_946488015
ERR4303216bin.38	cmag_139	ERZ12818518	GCA_946495265
ERR4303216bin.9	cmag_140	ERZ12818524	GCA_946491105
ERR4303218bin.13	cmag_141	ERZ12818541	GCA_946490695
ERR4303218bin.35	cmag_142	ERZ12818196	GCA_946482955
ERR4303218bin.48	cmag_143	ERZ12818269	GCA_946494485
ERR4303218bin.57	cmag_144	ERZ12818205	GCA_946484195
ERR4303218bin.59	cmag_145	ERZ12818192	GCA_946493155
ERR4303218bin.72	cmag_146	ERZ12818505	GCA_946490795
ERR4303219bin.15	cmag_147	ERZ12818301	GCA_946490375
ERR4303219bin.38	cmag_148	ERZ12818382	GCA_946488825
ERR4303219bin.47	cmag_149	ERZ12818259	GCA_946487975
ERR4303219bin.56	cmag_150	ERZ12818194	GCA_946494015
ERR4303219bin.59	cmag_151	ERZ12818520	GCA_946495375
ERR4303219bin.84	cmag_152	ERZ12818412	GCA_946488375
ERR4303219bin.89	cmag_153	ERZ12818299	GCA_946493525
ERR4303221bin.11	cmag_154	ERZ12818212	GCA_946492535
ERR4303221bin.5	cmag_155	ERZ12818529	GCA_946488725
ERR4303221bin.83	cmag_156	ERZ12818278	GCA_946487965
ERR4303222bin.38	cmag_157	ERZ12818280	GCA_946492135
ERR4303222bin.53	cmag_158	ERZ12818266	GCA_946494445
ERR4303222bin.56	cmag_159	ERZ12818441	GCA_946492865
ERR4303222bin.74	cmag_160	ERZ12818231	GCA_946491665
ERR4304397bin.22	cmag_161	ERZ12818218	GCA_946492515
ERR4304397bin.39	cmag_162	ERZ12818539	GCA_946490465
ERR4304397bin.60	cmag_163	ERZ12818265	GCA_946487985
ERR4304397bin.63	cmag_164	ERZ12818293	GCA_946491715
ERR4304450_ERR4303136_ERR4303150bin.29	cmag_165	ERZ14231443	GCA_947251715
ERR4304450_ERR4303136_ERR4303150bin.49	cmag_166	ERZ14231450	GCA_947251905
ERR4304450_ERR4303136_ERR4303150bin.93	cmag_167	ERZ14231451	GCA_947251885
ERR4304450bin.12	cmag_168	ERZ12818462	GCA_946491825
ERR4304450bin.39	cmag_169	ERZ12818545	GCA_946491065
ERR4304450bin.42	cmag_170	ERZ12818358	GCA_946482785
ERR4304450bin.52	cmag_171	ERZ12818199	GCA_946493085
ERR4304450bin.54	cmag_172	ERZ12818327	GCA_946493775
ERR4304450bin.57	cmag_173	ERZ12818439	GCA_946491955
ERR4304450bin.64	cmag_174	ERZ12818206	GCA_946487795
ERR4304450bin.69	cmag_175	ERZ12818254	GCA_946491855
ERR4304450bin.81	cmag_176	ERZ12818536	GCA_946490535
ERR4304451bin.12	cmag_177	ERZ12818225	GCA_946482995
ERR4304451bin.13	cmag_178	ERZ12818354	GCA_946491755
ERR4304451bin.35	cmag_179	ERZ12818250	GCA_946492475
ERR4304451bin.39	cmag_180	ERZ12818246	GCA_946494475
ERR4304451bin.41	cmag_181	ERZ12818413	GCA_946488985
ERR4304451bin.49	cmag_182	ERZ12818464	GCA_946488905
ERR4304451bin.5	cmag_183	ERZ12818263	GCA_946493025
ERR4304451bin.56	cmag_184	ERZ12818245	GCA_946491705
ERR4304451bin.59	cmag_185	ERZ12818533	GCA_946491075
ERR4304451bin.67	cmag_186	ERZ12818329	GCA_946488335
ERR4304452bin.111	cmag_187	ERZ12818252	GCA_946486375
ERR4304452bin.33	cmag_188	ERZ12818383	GCA_946491735
ERR4304452bin.4	cmag_189	ERZ12818540	GCA_946490475
ERR4304452bin.53	cmag_190	ERZ12818286	GCA_946490045
ERR4304452bin.57	cmag_191	ERZ12818233	GCA_946487895
ERR4304452bin.7	cmag_192	ERZ12818522	GCA_946486165
ERR4304452bin.8	cmag_193	ERZ12818356	GCA_946488805
ERR4304452bin.98	cmag_194	ERZ12818321	GCA_946489875
ERR4304454bin.101	cmag_195	ERZ12818339	GCA_946491125
ERR4304454bin.104	cmag_196	ERZ12818562	GCA_946494375
ERR4304454bin.106	cmag_197	ERZ12818548	GCA_946490575
ERR4304454bin.11	cmag_198	ERZ12818514	GCA_946490805
ERR4304454bin.35	cmag_199	ERZ12818515	GCA_946486465
ERR4304454bin.40	cmag_200	ERZ12818384	GCA_946488225
ERR4304454bin.62	cmag_201	ERZ12818226	GCA_946492595
ERR4304454bin.69	cmag_202	ERZ12818291	GCA_946491655
ERR4304454bin.7	cmag_203	ERZ12818244	GCA_946494465
ERR4304454bin.74	cmag_204	ERZ12818221	GCA_946492625
ERR4304454bin.8	cmag_205	ERZ12818436	GCA_946493815
ERR4304454bin.85	cmag_206	ERZ12818542	GCA_946485835
ERR4304454bin.91	cmag_207	ERZ12818495	GCA_946486445
ERR4304455bin.104	cmag_208	ERZ12818355	GCA_946486285
ERR4304455bin.16	cmag_209	ERZ12818549	GCA_946490565
ERR4304455bin.18	cmag_210	ERZ12818308	GCA_946493835
ERR4304455bin.34	cmag_211	ERZ12818296	GCA_946483525
ERR4304455bin.46	cmag_212	ERZ12818219	GCA_946494635
ERR4304455bin.49	cmag_213	ERZ12818234	GCA_946494565
ERR4304455bin.70	cmag_214	ERZ12818433	GCA_946486795
ERR4304455bin.71	cmag_215	ERZ12818332	GCA_946493475
ERR4304455bin.75	cmag_216	ERZ12818334	GCA_946483495
ERR4304455bin.84	cmag_217	ERZ12818255	GCA_946494435
ERR4304456bin.102	cmag_218	ERZ12818526	GCA_946495415
ERR4304456bin.13	cmag_219	ERZ12818319	GCA_946486065
ERR4304456bin.14	cmag_220	ERZ12818300	GCA_946492125
ERR4304456bin.19	cmag_221	ERZ12818435	GCA_946488345
ERR4304456bin.21	cmag_222	ERZ12818561	GCA_946492985
ERR4304456bin.30	cmag_223	ERZ12818357	GCA_946482905
ERR4304456bin.40	cmag_224	ERZ12818217	GCA_946488065
ERR4304456bin.46	cmag_225	ERZ12818386	GCA_946488925
ERR4304456bin.54	cmag_226	ERZ12818249	GCA_946487915
ERR4304456bin.56	cmag_227	ERZ12818338	GCA_946485945
ERR4304456bin.59	cmag_228	ERZ12818507	GCA_946491095
ERR4304456bin.6	cmag_229	ERZ12818344	GCA_946490955
ERR4304456bin.61	cmag_230	ERZ12818333	GCA_946490845
ERR4304456bin.84	cmag_231	ERZ12818224	GCA_946494625
ERR4304504bin.1	cmag_232	ERZ12818407	GCA_946493795
ERR4304504bin.13	cmag_233	ERZ12818305	GCA_946487905
ERR4304504bin.21	cmag_234	ERZ12818491	GCA_946493575
ERR4304504bin.46	cmag_235	ERZ12818466	GCA_946486925
ERR4304504bin.6	cmag_236	ERZ12818303	GCA_946493495
ERR4304504bin.60	cmag_237	ERZ12818230	GCA_946482895
ERR4304504bin.66	cmag_238	ERZ12818546	GCA_946485175
ERR4304504bin.75	cmag_239	ERZ12818268	GCA_946490655
ERR4304504bin.79	cmag_240	ERZ12818242	GCA_946487835
ERR4304504bin.8	cmag_241	ERZ12818295	GCA_946488135
ERR4304504bin.9	cmag_242	ERZ12818527	GCA_946490725
ERR4304505bin.10	cmag_243	ERZ12818247	GCA_946482855
ERR4304505bin.105	cmag_244	ERZ12818292	GCA_946490675
ERR4304505bin.107	cmag_245	ERZ12818353	GCA_946482935
ERR4304505bin.31	cmag_246	ERZ12818193	GCA_946492635
ERR4304505bin.4	cmag_247	ERZ12818506	GCA_946495395
ERR4304505bin.61	cmag_248	ERZ12818251	GCA_946494615
ERR4304505bin.69	cmag_249	ERZ12818513	GCA_946494345
ERR4304505bin.95	cmag_250	ERZ12818272	GCA_946485445
ERR4304580bin.21	cmag_251	ERZ12818547	GCA_946490455
ERR4304580bin.33	cmag_252	ERZ12818410	GCA_946488275
ERR4304580bin.57	cmag_253	ERZ12818335	GCA_946491975
ERR4304580bin.59	cmag_254	ERZ12818277	GCA_946487845
ERR4304580bin.85	cmag_255	ERZ12818544	GCA_946490595
ERR4304580bin.90	cmag_256	ERZ12818519	GCA_946494505
ERR4304580bin.95	cmag_257	ERZ12818346	GCA_946491045
ERR4304580bin.96	cmag_258	ERZ12818537	GCA_946490615
ERR4304669bin.23	cmag_259	ERZ12818558	GCA_946492975
ERR4304669bin.6	cmag_260	ERZ12818287	GCA_946494545
ERR4304808bin.27	cmag_261	ERZ12818282	GCA_946494455
ERR4304808bin.28	cmag_262	ERZ12818340	GCA_946488605
ERR4304808bin.56	cmag_263	ERZ12818470	GCA_946486855
ERR4336989bin.10	cmag_264	ERZ12818284	GCA_946494595
ERR4336989bin.105	cmag_265	ERZ12818379	GCA_946485415
ERR4336989bin.122	cmag_266	ERZ12818498	GCA_946493305
ERR4336989bin.124	cmag_267	ERZ12818213	GCA_946493935
ERR4336989bin.13	cmag_268	ERZ12818359	GCA_946488525
ERR4336989bin.2	cmag_269	ERZ12818508	GCA_946494385
ERR4336989bin.22	cmag_270	ERZ12818238	GCA_946491915
ERR4336989bin.33	cmag_271	ERZ12818493	GCA_946492155
ERR4336989bin.57	cmag_272	ERZ12818557	GCA_946492195
ERR4336989bin.58	cmag_273	ERZ12818228	GCA_946492555
ERR4336989bin.74	cmag_274	ERZ12818352	GCA_946488595
ERR4336989bin.75	cmag_275	ERZ12818553	GCA_946493115
ERR4336989bin.79	cmag_276	ERZ12818216	GCA_946494555
ERR4336989bin.8	cmag_277	ERZ12818532	GCA_946482835
ERR4336989bin.81	cmag_278	ERZ12818271	GCA_946494395
ERR4336989bin.82	cmag_279	ERZ12818499	GCA_946493745
ERR4336989bin.97	cmag_280	ERZ12818361	GCA_946486295
ERR4835843_bin.17	cmag_281	ERZ12818568	GCA_946495945
ERR4835843_bin.18	cmag_282	ERZ12818885	GCA_946500335
ERR4835846_bin.12	cmag_283	ERZ12818618	GCA_946499365
ERR4835846_bin.20	cmag_284	ERZ12818752	GCA_946500185
ERR4835846_bin.27	cmag_285	ERZ12819105	GCA_946496585
ERR4835846_bin.30	cmag_286	ERZ12819048	GCA_946497805
ERR4835846_bin.32	cmag_287	ERZ12818798	GCA_946499755
ERR4835847_bin.22	cmag_288	ERZ12819091	GCA_946498715
ERR4835848_bin.12	cmag_289	ERZ12818809	GCA_946497075
ERR4835848_bin.3	cmag_290	ERZ12818788	GCA_946498685
ERR4835851_bin.23	cmag_291	ERZ12818723	GCA_946499725
ERR4835851_bin.26	cmag_292	ERZ12819108	GCA_946498655
ERR4835853_bin.15	cmag_293	ERZ12818918	GCA_946497665
ERR4835853_bin.4	cmag_294	ERZ12818792	GCA_946500125
ERR4835854_bin.13	cmag_295	ERZ12818714	GCA_946499505
ERR4835856_bin.17	cmag_296	ERZ12818765	GCA_946498675
ERR4835857_bin.2	cmag_297	ERZ12818992	GCA_946500605
ERR4835858_bin.17	cmag_298	ERZ12818572	GCA_946496405
ERR4835858_bin.25	cmag_299	ERZ12819031	GCA_946499095
ERR4835858_bin.7	cmag_300	ERZ12818937	GCA_946498445
ERR4835859_bin.17	cmag_301	ERZ12818626	GCA_946495795
ERR4835860_bin.12	cmag_302	ERZ12818684	GCA_946496835
ERR4835860_bin.27	cmag_303	ERZ12818698	GCA_946500175
ERR4835861_bin.18	cmag_304	ERZ12819111	GCA_946496395
ERR4835861_bin.32	cmag_305	ERZ12818879	GCA_946496625
ERR4835861_bin.33	cmag_306	ERZ12818997	GCA_946495665
ERR4835861_bin.40	cmag_307	ERZ12818751	GCA_946499905
ERR4835863_bin.21	cmag_308	ERZ12818615	GCA_946499115
ERR4835864_bin.19	cmag_309	ERZ12818851	GCA_946495975
ERR4835864_bin.21	cmag_310	ERZ12818965	GCA_946496085
ERR4835864_bin.23	cmag_311	ERZ12818985	GCA_946500565
ERR4835864_bin.28	cmag_312	ERZ12818826	GCA_946498865
ERR4835864_bin.33	cmag_313	ERZ12818812	GCA_946496655
ERR4835864_bin.34	cmag_314	ERZ12818995	GCA_946497865
ERR4835864_bin.40	cmag_315	ERZ12818861	GCA_946495895
ERR4835866_bin.13	cmag_316	ERZ12818613	GCA_946499495
ERR4835866_bin.35	cmag_317	ERZ12818592	GCA_946500465
ERR4835866_bin.4	cmag_318	ERZ12819006	GCA_946497925
ERR4835866_bin.40	cmag_319	ERZ12818793	GCA_946499595
ERR4835867_bin.13	cmag_320	ERZ12818830	GCA_946499585
ERR4835868_bin.3	cmag_321	ERZ12818959	GCA_946496095
ERR4835868_bin.6	cmag_322	ERZ12818844	GCA_946496185
ERR4835869_bin.10	cmag_323	ERZ12818766	GCA_946499885
ERR4835869_bin.30	cmag_324	ERZ12818676	GCA_946500145
ERR4835869_bin.4	cmag_325	ERZ12819102	GCA_946496285
ERR4835869_bin.45	cmag_326	ERZ12818730	GCA_946499825
ERR4835869_bin.47	cmag_327	ERZ12818588	GCA_946498175
ERR4835870_bin.17	cmag_328	ERZ12818822	GCA_946500455
ERR4835871_bin.25	cmag_329	ERZ12818625	GCA_946498035
ERR4835871_bin.4	cmag_330	ERZ12818868	GCA_946498385
ERR4835932_bin.29	cmag_331	ERZ12819068	GCA_946496455
ERR4835932_bin.32	cmag_332	ERZ12818936	GCA_946499005
ERR4835932_bin.7	cmag_333	ERZ12819065	GCA_946497355
ERR4835933_bin.1	cmag_334	ERZ12818914	GCA_946495655
ERR4835934_bin.22	cmag_335	ERZ12819089	GCA_946497055
ERR4835934_bin.5	cmag_336	ERZ12818917	GCA_946496385
ERR4835935_bin.24	cmag_337	ERZ12818832	GCA_946499935
ERR4835935_bin.42	cmag_338	ERZ12818673	GCA_946500165
ERR4835990_bin.24	cmag_339	ERZ12819064	GCA_946496225
ERR4835990_bin.26	cmag_340	ERZ12818702	GCA_946498015
ERR4835990_bin.33	cmag_341	ERZ12819109	GCA_946500735
ERR4835990_bin.4	cmag_342	ERZ12819074	GCA_946499075
ERR4835991_bin.6	cmag_343	ERZ12818905	GCA_946500415
ERR4835993_bin.14	cmag_344	ERZ12818850	GCA_946500245
ERR4835993_bin.35	cmag_345	ERZ12818633	GCA_946499565
ERR4835993_bin.38	cmag_346	ERZ12818567	GCA_946500975
ERR4835994_bin.28	cmag_347	ERZ12818690	GCA_946498285
ERR4835994_bin.32	cmag_348	ERZ12818876	GCA_946498365
ERR4835994_bin.4	cmag_349	ERZ12818827	GCA_946499875
ERR4835995_bin.4	cmag_350	ERZ12819098	GCA_946498645
ERR4835995_bin.52	cmag_351	ERZ12818791	GCA_946498115
ERR4835995_bin.58	cmag_352	ERZ12818771	GCA_946499765
ERR4835996_bin.41	cmag_353	ERZ12818623	GCA_946495835
ERR4835996_bin.8	cmag_354	ERZ12818603	GCA_946497555
ERR4836027_bin.10	cmag_355	ERZ12818926	GCA_946500765
ERR4836027_bin.15	cmag_356	ERZ12818900	GCA_946500265
ERR4836027_bin.2	cmag_357	ERZ12818741	GCA_946498725
ERR4836027_bin.29	cmag_358	ERZ12818674	GCA_946496765
ERR4836028_bin.15	cmag_359	ERZ12818957	GCA_946500575
ERR4836028_bin.18	cmag_360	ERZ12818920	GCA_946497105
ERR4836028_bin.8	cmag_361	ERZ12818596	GCA_946500825
ERR4836036_bin.3	cmag_362	ERZ12818855	GCA_946495525
ERR4836036_bin.31	cmag_363	ERZ12818591	GCA_946500775
ERR4836036_bin.37	cmag_364	ERZ12818840	GCA_946499785
ERR4836036_bin.41	cmag_365	ERZ12818849	GCA_946499625
ERR4836036_bin.47	cmag_366	ERZ12818852	GCA_946499715
ERR4836036_bin.5	cmag_367	ERZ12818722	GCA_946496055
ERR4836037_bin.21	cmag_368	ERZ12818629	GCA_946499445
ERR4836037_bin.28	cmag_369	ERZ12818846	GCA_946499855
ERR4836885_bin.19	cmag_370	ERZ12818982	GCA_946498775
ERR4836885_bin.39	cmag_371	ERZ12818715	GCA_946497605
ERR4836886_bin.12	cmag_372	ERZ12819056	GCA_946497675
ERR4836886_bin.36	cmag_373	ERZ12818839	GCA_946498345
ERR4836886_bin.6	cmag_374	ERZ12818862	GCA_946499275
ERR4836886_bin.9	cmag_375	ERZ12818782	GCA_946496515
ERR4836887_bin.32	cmag_376	ERZ12819001	GCA_946500745
ERR4836887_bin.35	cmag_377	ERZ12818691	GCA_946496495
ERR4836887_bin.5	cmag_378	ERZ12818624	GCA_946495875
ERR4836887_bin.54	cmag_379	ERZ12818767	GCA_946497475
ERR4836888_bin.14	cmag_380	ERZ12818670	GCA_946499985
ERR4836888_bin.30	cmag_381	ERZ12818888	GCA_946498905
ERR4836889_bin.13	cmag_382	ERZ12818738	GCA_946499925
ERR4836889_bin.41	cmag_383	ERZ12818602	GCA_946500815
ERR4836889_bin.9	cmag_384	ERZ12819081	GCA_946498505
ERR4836908_bin.15	cmag_385	ERZ12818777	GCA_946496965
ERR4836908_bin.3	cmag_386	ERZ12818703	GCA_946496375
ERR4836908_bin.35	cmag_387	ERZ12818680	GCA_946499945
ERR4836908_bin.42	cmag_388	ERZ12818707	GCA_946498085
ERR4836908_bin.47	cmag_389	ERZ12818678	GCA_946497725
ERR4836908_bin.48	cmag_390	ERZ12819009	GCA_946500685
ERR4836908_bin.60	cmag_391	ERZ12819033	GCA_946498805
ERR4836913_bin.14	cmag_392	ERZ12818616	GCA_946495545
ERR4836913_bin.18	cmag_393	ERZ12818634	GCA_946497755
ERR4836913_bin.8	cmag_394	ERZ12818886	GCA_946499235
ERR4836918_bin.11	cmag_395	ERZ12818806	GCA_946497415
ERR4836918_bin.17	cmag_396	ERZ12818946	GCA_946496915
ERR4836921_bin.30	cmag_397	ERZ12818987	GCA_946497115
ERR4836924_bin.33	cmag_398	ERZ12818643	GCA_946496665
ERR4836924_bin.7	cmag_399	ERZ12818747	GCA_946498125
ERR4836925_bin.12	cmag_400	ERZ12818838	GCA_946499845
ERR4836925_bin.17	cmag_401	ERZ12818929	GCA_946497135
ERR4836925_bin.9	cmag_402	ERZ12818877	GCA_946497175
ERR4836926_bin.106	cmag_403	ERZ12819067	GCA_946496345
ERR4836926_bin.107	cmag_404	ERZ12818799	GCA_946498885
ERR4836926_bin.25	cmag_405	ERZ12818640	GCA_946499515
ERR4836926_bin.28	cmag_406	ERZ12818775	GCA_946497325
ERR4836926_bin.3	cmag_407	ERZ12818706	GCA_946498665
ERR4836926_bin.42	cmag_408	ERZ12818705	GCA_946497965
ERR4836926_bin.49	cmag_409	ERZ12818934	GCA_946500985
ERR4836926_bin.59	cmag_410	ERZ12819020	GCA_946498965
ERR4836926_bin.71	cmag_411	ERZ12818925	GCA_946499285
ERR4836926_bin.83	cmag_412	ERZ12818641	GCA_946497485
ERR4836928_bin.17	cmag_413	ERZ12818966	GCA_946500675
ERR4836928_bin.22	cmag_414	ERZ12818801	GCA_946496475
ERR4836928_bin.27	cmag_415	ERZ12818784	GCA_946499915
ERR4836928_bin.7	cmag_416	ERZ12818939	GCA_946500535
ERR4836928_bin.9	cmag_417	ERZ12818973	GCA_946500915
ERR4836929_bin.13	cmag_418	ERZ12818910	GCA_946498755
ERR4836929_bin.8	cmag_419	ERZ12818882	GCA_946500355
ERR4836930_bin.26	cmag_420	ERZ12818923	GCA_946496565
ERR4836932_bin.6	cmag_421	ERZ12819018	GCA_946500655
ERR4836934_bin.21	cmag_422	ERZ12818604	GCA_946496175
ERR4836934_bin.35	cmag_423	ERZ12818584	GCA_946495475
ERR4836935_bin.21	cmag_424	ERZ12818824	GCA_946500065
ERR4836935_bin.26	cmag_425	ERZ12818665	GCA_946497235
ERR4836936_bin.13	cmag_426	ERZ12818644	GCA_946499525
ERR4836936_bin.17	cmag_427	ERZ12818655	GCA_946500055
ERR4836937_bin.12	cmag_428	ERZ12818617	GCA_946499205
ERR4836937_bin.2	cmag_429	ERZ12819008	GCA_946498765
ERR4836937_bin.24	cmag_430	ERZ12818933	GCA_946496635
ERR4836937_bin.35	cmag_431	ERZ12819007	GCA_946496155
ERR4836937_bin.38	cmag_432	ERZ12818911	GCA_946495715
ERR4836937_bin.47	cmag_433	ERZ12818657	GCA_946499485
ERR4836937_bin.7	cmag_434	ERZ12819110	GCA_946499125
ERR4836937_bin.9	cmag_435	ERZ12819010	GCA_946498545
ERR4836938_bin.15	cmag_436	ERZ12818756	GCA_946496365
ERR4836938_bin.26	cmag_437	ERZ12818654	GCA_946499675
ERR4836938_bin.48	cmag_438	ERZ12818762	GCA_946499805
ERR4836939_bin.20	cmag_439	ERZ12818628	GCA_946495805
ERR4836939_bin.30	cmag_440	ERZ12818601	GCA_946497615
ERR4836939_bin.40	cmag_441	ERZ12818932	GCA_946497215
ERR4836940_bin.16	cmag_442	ERZ12819073	GCA_946496615
ERR4836940_bin.30	cmag_443	ERZ12818605	GCA_946497775
ERR4836940_bin.4	cmag_444	ERZ12818941	GCA_946496955
ERR4836941_bin.10	cmag_445	ERZ12818711	GCA_946497535
ERR4836941_bin.22	cmag_446	ERZ12818864	GCA_946495855
ERR4836941_bin.42	cmag_447	ERZ12818789	GCA_946496825
ERR4836942_bin.19	cmag_448	ERZ12818872	GCA_946497835
ERR4836942_bin.46	cmag_449	ERZ12818694	GCA_946497155
ERR4836942_bin.7	cmag_450	ERZ12818904	GCA_946495815
ERR4836944_bin.18	cmag_451	ERZ12818679	GCA_946500105
ERR4836946_bin.19	cmag_452	ERZ12818704	GCA_946497305
ERR4836946_bin.32	cmag_453	ERZ12818746	GCA_946499965
ERR4836947_bin.43	cmag_454	ERZ12818754	GCA_946497065
ERR4836947_bin.46	cmag_455	ERZ12818570	GCA_946500845
ERR4836947_bin.56	cmag_456	ERZ12819099	GCA_946497785
ERR4836948_bin.29	cmag_457	ERZ12818955	GCA_946498485
ERR4836948_bin.32	cmag_458	ERZ12819061	GCA_946496485
ERR4836948_bin.4	cmag_459	ERZ12818699	GCA_946498075
ERR4836948_bin.53	cmag_460	ERZ12818669	GCA_946500085
ERR4836949_bin.12	cmag_461	ERZ12819013	GCA_946496075
ERR4836949_bin.22	cmag_462	ERZ12819038	GCA_946498205
ERR4836949_bin.36	cmag_463	ERZ12819029	GCA_946495565
ERR4836950_bin.14	cmag_464	ERZ12818853	GCA_946498135
ERR4836950_bin.18	cmag_465	ERZ12819092	GCA_946500715
ERR4836950_bin.25	cmag_466	ERZ12818887	GCA_946500295
ERR4836950_bin.3	cmag_467	ERZ12818581	GCA_946500885
ERR4836950_bin.43	cmag_468	ERZ12818701	GCA_946499475
ERR4836951_bin.32	cmag_469	ERZ12819017	GCA_946497745
ERR4836953_bin.26	cmag_470	ERZ12818924	GCA_946496975
ERR4836953_bin.28	cmag_471	ERZ12819080	GCA_946496195
ERR4836954_bin.5	cmag_472	ERZ12818834	GCA_946496865
ERR4836956_bin.17	cmag_473	ERZ12818977	GCA_946498275
ERR4836956_bin.18	cmag_474	ERZ12818820	GCA_946496355
ERR4836956_bin.24	cmag_475	ERZ12818573	GCA_946500865
ERR4836956_bin.34	cmag_476	ERZ12819036	GCA_946498745
ERR4836957_bin.16	cmag_477	ERZ12818978	GCA_946495555
ERR4836957_bin.34	cmag_478	ERZ12818661	GCA_946500215
ERR4836957_bin.5	cmag_479	ERZ12818695	GCA_946497165
ERR4836957_bin.9	cmag_480	ERZ12818916	GCA_946496605
ERR4836958_bin.14	cmag_481	ERZ12818731	GCA_946495865
ERR4836958_bin.2	cmag_482	ERZ12818631	GCA_946500505
ERR4836958_bin.25	cmag_483	ERZ12818666	GCA_946496775
ERR4836958_bin.29	cmag_484	ERZ12819093	GCA_946496035
ERR4836958_bin.33	cmag_485	ERZ12818642	GCA_946497645
ERR4836958_bin.38	cmag_486	ERZ12818579	GCA_946500835
ERR4836958_bin.39	cmag_487	ERZ12819077	GCA_946497245
ERR4836959_bin.22	cmag_488	ERZ12818649	GCA_946497425
ERR4836959_bin.28	cmag_489	ERZ12819079	GCA_946499105
ERR4836959_bin.41	cmag_490	ERZ12818858	GCA_946496785
ERR4836959_bin.7	cmag_491	ERZ12818745	GCA_946495965
ERR4836960_bin.14	cmag_492	ERZ12819086	GCA_946499175
ERR4836960_bin.34	cmag_493	ERZ12819057	GCA_946498635
ERR4836960_bin.5	cmag_494	ERZ12819034	GCA_946498325
ERR4836961_bin.23	cmag_495	ERZ12818622	GCA_946498255
ERR4836961_bin.45	cmag_496	ERZ12819022	GCA_946495575
ERR4836961_bin.58	cmag_497	ERZ12818983	GCA_946498535
ERR4836961_bin.70	cmag_498	ERZ12818873	GCA_946496805
ERR4836961_bin.71	cmag_499	ERZ12818580	GCA_946499155
ERR4836961_bin.78	cmag_500	ERZ12818776	GCA_946499605
ERR4836962_bin.31	cmag_501	ERZ12818821	GCA_946499135
ERR4836962_bin.52	cmag_502	ERZ12818749	GCA_946498235
ERR4836962_bin.59	cmag_503	ERZ12818578	GCA_946500855
ERR4836962_bin.62	cmag_504	ERZ12819050	GCA_946499045
ERR4836963_bin.73	cmag_505	ERZ12818797	GCA_946497935
ERR4836963_bin.78	cmag_506	ERZ12818971	GCA_946498575
ERR4836963_bin.79	cmag_507	ERZ12818748	GCA_946498165
ERR4836964_bin.1	cmag_508	ERZ12819004	GCA_946500725
ERR4836964_bin.18	cmag_509	ERZ12818804	GCA_946497545
ERR4836964_bin.21	cmag_510	ERZ12818856	GCA_946495495
ERR4836964_bin.23	cmag_511	ERZ12818682	GCA_946499555
ERR4836964_bin.35	cmag_512	ERZ12818974	GCA_946498975
ERR4836964_bin.45	cmag_513	ERZ12819063	GCA_946499065
ERR4836964_bin.67	cmag_514	ERZ12819058	GCA_946498625
ERR4836965_bin.64	cmag_515	ERZ12819046	GCA_946495735
ERR4836965_bin.79	cmag_516	ERZ12818675	GCA_946497635
ERR4836965_bin.80	cmag_517	ERZ12819049	GCA_946498785
ERR4836965_bin.89	cmag_518	ERZ12818585	GCA_946500805
ERR4836965_bin.9	cmag_519	ERZ12819090	GCA_946496105
ERR4836966_bin.112	cmag_520	ERZ12818656	GCA_946497225
ERR4836966_bin.15	cmag_521	ERZ12818848	GCA_946499655
ERR4836966_bin.3	cmag_522	ERZ12818800	GCA_946497145
ERR4836966_bin.38	cmag_523	ERZ12819045	GCA_946500665
ERR4836966_bin.39	cmag_524	ERZ12818975	GCA_946498495
ERR4836966_bin.50	cmag_525	ERZ12818945	GCA_946500635
ERR4836966_bin.55	cmag_526	ERZ12818871	GCA_946495775
ERR4836966_bin.76	cmag_527	ERZ12818725	GCA_946497795
ERR4836966_bin.8	cmag_528	ERZ12818635	GCA_946499185
ERR4836966_bin.81	cmag_529	ERZ12818734	GCA_946496415
ERR4836966_bin.83	cmag_530	ERZ12818883	GCA_946497445
ERR4836966_bin.91	cmag_531	ERZ12818884	GCA_946500315
ERR4968556_bin.9	cmag_532	ERZ12818948	GCA_946500965
ERR4968559_bin.17	cmag_533	ERZ12818609	GCA_946498855
ERR4968560_bin.12	cmag_534	ERZ12818902	GCA_946500365
ERR4968564_bin.11	cmag_535	ERZ12818619	GCA_946498195
ERR4968564_bin.18	cmag_536	ERZ12819078	GCA_946496645
ERR4968564_bin.7	cmag_537	ERZ12818893	GCA_946499255
ERR4968565_bin.12	cmag_538	ERZ12818769	GCA_946497435
ERR4968565_bin.23	cmag_539	ERZ12818594	GCA_946499145
ERR4968565_bin.3	cmag_540	ERZ12818667	GCA_946497255
ERR4968566_bin.20	cmag_541	ERZ12819107	GCA_946496255
ERR4968567_bin.25	cmag_542	ERZ12818815	GCA_946496315
ERR4968569_bin.27	cmag_543	ERZ12818907	GCA_946500545
ERR4968570_bin.16	cmag_544	ERZ12818847	GCA_946496925
ERR4968570_bin.31	cmag_545	ERZ12818836	GCA_946496025
ERR4968571_bin.10	cmag_546	ERZ12818744	GCA_946497125
ERR4968574_bin.18	cmag_547	ERZ12818582	GCA_946498225
ERR4968574_bin.31	cmag_548	ERZ12818964	GCA_946500955
ERR4968575_bin.35	cmag_549	ERZ12818835	GCA_946496045
ERR4968576_bin.20	cmag_550	ERZ12818630	GCA_946497845
ERR4968576_bin.9	cmag_551	ERZ12818687	GCA_946497625
ERR4968577_bin.3	cmag_552	ERZ12818968	GCA_946496115
ERR4968577_bin.33	cmag_553	ERZ12818908	GCA_946499375
ERR4968579_bin.26	cmag_554	ERZ12818958	GCA_946496135
ERR4968579_bin.33	cmag_555	ERZ12818956	GCA_946497955
ERR4968580_bin.12	cmag_556	ERZ12818718	GCA_946497905
ERR4968580_bin.19	cmag_557	ERZ12819106	GCA_946497275
ERR4968581_bin.26	cmag_558	ERZ12818686	GCA_946496725
ERR4968582_bin.9	cmag_559	ERZ12818819	GCA_946497045
ERR4968584_bin.51	cmag_560	ERZ12818593	GCA_946497875
ERR4968585_bin.1	cmag_561	ERZ12818778	GCA_946498065
ERR4968585_bin.28	cmag_562	ERZ12818859	GCA_946500235
ERR4968585_bin.29	cmag_563	ERZ12818650	GCA_946496845
ERR4968586_bin.17	cmag_564	ERZ12818632	GCA_946495685
ERR4968586_bin.20	cmag_565	ERZ12818600	GCA_946495615
ERR4968586_bin.6	cmag_566	ERZ12818662	GCA_946500135
ERR4968586_bin.9	cmag_567	ERZ12818991	GCA_946500625
ERR4968587_bin.12	cmag_568	ERZ12818590	GCA_946497895
ERR4968587_bin.9	cmag_569	ERZ12818843	GCA_946499265
ERR4968588_bin.12	cmag_570	ERZ12818829	GCA_946496265
ERR4968590_bin.12	cmag_571	ERZ12818963	GCA_946498525
ERR4968590_bin.2	cmag_572	ERZ12818732	GCA_946500025
ERR4968590_bin.22	cmag_573	ERZ12819032	GCA_946498815
ERR4968590_bin.38	cmag_574	ERZ12818658	GCA_946496575
ERR4968590_bin.6	cmag_575	ERZ12818717	GCA_946499575
ERR4968592_bin.39	cmag_576	ERZ12818759	GCA_946496735
ERR4968592_bin.9	cmag_577	ERZ12819002	GCA_946498565
ERR4968593_bin.10	cmag_578	ERZ12818646	GCA_946497465
ERR4968593_bin.11	cmag_579	ERZ12818583	GCA_946500895
ERR4968593_bin.22	cmag_580	ERZ12818805	GCA_946499835
ERR4968593_bin.27	cmag_581	ERZ12819016	GCA_946500705
ERR4968593_bin.55	cmag_582	ERZ12818610	GCA_946498145
ERR4968594_bin.22	cmag_583	ERZ12818728	GCA_946496125
ERR4968594_bin.36	cmag_584	ERZ12818713	GCA_946496145
ERR4968595_bin.28	cmag_585	ERZ12818708	GCA_946499425
ERR4968595_bin.6	cmag_586	ERZ12818742	GCA_946497185
ERR4968596_bin.3	cmag_587	ERZ12818757	GCA_946499815
ERR4968597_bin.16	cmag_588	ERZ12819037	GCA_946498825
ERR4968597_bin.17	cmag_589	ERZ12818927	GCA_946499295
ERR4968597_bin.38	cmag_590	ERZ12818772	GCA_946499975
ERR4968597_bin.7	cmag_591	ERZ12818810	GCA_946496425
ERR4968598_bin.19	cmag_592	ERZ12818807	GCA_946496895
ERR4968598_bin.20	cmag_593	ERZ12818935	GCA_946497095
ERR4968598_bin.22	cmag_594	ERZ12818989	GCA_946498245
ERR4968598_bin.23	cmag_595	ERZ12818865	GCA_946495905
ERR4968598_bin.3	cmag_596	ERZ12818700	GCA_946496275
ERR4968598_bin.36	cmag_597	ERZ12818996	GCA_946498555
ERR4968598_bin.42	cmag_598	ERZ12818783	GCA_946497205
ERR4968598_bin.45	cmag_599	ERZ12818781	GCA_946497985
ERR4968598_bin.54	cmag_600	ERZ12818921	GCA_946498415
ERR4968599_bin.14	cmag_601	ERZ12819054	GCA_946497655
ERR4968599_bin.3	cmag_602	ERZ12819083	GCA_946499085
ERR4968599_bin.40	cmag_603	ERZ12818796	GCA_946498025
ERR4968600_bin.1	cmag_604	ERZ12819085	GCA_946498735
ERR4968600_bin.15	cmag_605	ERZ12818786	GCA_946496555
ERR4968600_bin.3	cmag_606	ERZ12818753	GCA_946500195
ERR4968600_bin.32	cmag_607	ERZ12819028	GCA_946495595
ERR4968601_bin.23	cmag_608	ERZ12818760	GCA_946500035
ERR4968601_bin.28	cmag_609	ERZ12818903	GCA_946495785
ERR4968601_bin.51	cmag_610	ERZ12818825	GCA_946498005
ERR4968602_bin.17	cmag_611	ERZ12818803	GCA_946497395
ERR4968602_bin.25	cmag_612	ERZ12818962	GCA_946499345
ERR4968602_bin.26	cmag_613	ERZ12818960	GCA_946496945
ERR4968602_bin.3	cmag_614	ERZ12818750	GCA_946497825
ERR4968602_bin.5	cmag_615	ERZ12818645	GCA_946496705
ERR4968602_bin.57	cmag_616	ERZ12818685	GCA_946500115
ERR4968602_bin.63	cmag_617	ERZ12818845	GCA_946500255
ERR4968602_bin.67	cmag_618	ERZ12818677	GCA_946496745
ERR4968602_bin.74	cmag_619	ERZ12818664	GCA_946496715
ERR4968602_bin.80	cmag_620	ERZ12818770	GCA_946500005
ERR4968603_bin.15	cmag_621	ERZ12818681	GCA_946495935
ERR4968603_bin.24	cmag_622	ERZ12818950	GCA_946498355
ERR4968603_bin.31	cmag_623	ERZ12818740	GCA_946499775
ERR4968603_bin.35	cmag_624	ERZ12818597	GCA_946497815
ERR4968603_bin.37	cmag_625	ERZ12818612	GCA_946498155
ERR4968603_bin.41	cmag_626	ERZ12818967	GCA_946498835
ERR4968603_bin.56	cmag_627	ERZ12819027	GCA_946500445
ERR4968604_bin.20	cmag_628	ERZ12819082	GCA_946496295
ERR4968605_bin.39	cmag_629	ERZ12818758	GCA_946497715
ERR4968606_bin.18	cmag_630	ERZ12818638	GCA_946495675
ERR4968606_bin.83	cmag_631	ERZ12819095	GCA_946500695
ERR4968608_bin.33	cmag_632	ERZ12818595	GCA_946500875
ERR4968608_bin.54	cmag_633	ERZ12818599	GCA_946497855
ERR4968671_bin.1	cmag_634	ERZ12818878	GCA_946495705
ERR4968671_bin.11	cmag_635	ERZ12819005	GCA_946496165
ERR4968671_bin.17	cmag_636	ERZ12818944	GCA_946500525
ERR4968671_bin.4	cmag_637	ERZ12818647	GCA_946499685
ERR4968671_bin.51	cmag_638	ERZ12818627	GCA_946499465
ERR4968671_bin.54	cmag_639	ERZ12818598	GCA_946495695
ERR4968673_bin.37	cmag_640	ERZ12818961	GCA_946498995
ERR4968673_bin.41	cmag_641	ERZ12818814	GCA_946496305
ERR4968678_bin.24	cmag_642	ERZ12818984	GCA_946495485
ERR4968678_bin.28	cmag_643	ERZ12818867	GCA_946498915
ERR4968678_bin.37	cmag_644	ERZ12819087	GCA_946498515
ERR4968678_bin.39	cmag_645	ERZ12818733	GCA_946495925
ERR4968678_bin.5	cmag_646	ERZ12818811	GCA_946496815
ERR4968678_bin.54	cmag_647	ERZ12818761	GCA_946497405
ERR4968678_bin.68	cmag_648	ERZ12818692	GCA_946498265
ERR4968681_bin.18	cmag_649	ERZ12819011	GCA_946496065
ERR4968681_bin.22	cmag_650	ERZ12818981	GCA_946498215
ERR4968681_bin.4	cmag_651	ERZ12818689	GCA_946496995
ERR4968681_bin.50	cmag_652	ERZ12818817	GCA_946496885
ERR4968687_bin.20	cmag_653	ERZ12818608	GCA_946497765
ERR4968687_bin.22	cmag_654	ERZ12818940	GCA_946499325
ERR4968687_bin.30	cmag_655	ERZ12818611	GCA_946499545
ERR4968687_bin.40	cmag_656	ERZ12818668	GCA_946499435
ERR4968687_bin.45	cmag_657	ERZ12818816	GCA_946497005
ERR4968687_bin.63	cmag_658	ERZ12818880	GCA_946500225
ERR4968687_bin.69	cmag_659	ERZ12818589	GCA_946498295
ERR4968704_bin.2	cmag_660	ERZ12818890	GCA_946497015
ERR4968704_bin.38	cmag_661	ERZ12819053	GCA_946496505
ERR4968704_bin.39	cmag_662	ERZ12818653	GCA_946497335
ERR4968704_bin.51	cmag_663	ERZ12818577	GCA_946500785
ERR4968704_bin.83	cmag_664	ERZ12819100	GCA_946496685
ERR4968705_bin.113	cmag_665	ERZ12818831	GCA_946496985
ERR4968705_bin.24	cmag_666	ERZ12818712	GCA_946500205
ERR4968705_bin.27	cmag_667	ERZ12818930	GCA_946499315
ERR4968705_bin.43	cmag_668	ERZ12818897	GCA_946498455
ERR4968705_bin.53	cmag_669	ERZ12818720	GCA_946497915
ERR4968705_bin.54	cmag_670	ERZ12819094	GCA_946496015
ERR4968705_bin.90	cmag_671	ERZ12819062	GCA_946497375
ERR4968711_bin.16	cmag_672	ERZ12818993	GCA_946498955
ERR4968711_bin.17	cmag_673	ERZ12818663	GCA_946497265
ERR4968711_bin.19	cmag_674	ERZ12819084	GCA_946497285
ERR4968711_bin.32	cmag_675	ERZ12818818	GCA_946499895
ERR4968711_bin.38	cmag_676	ERZ12819000	GCA_946498095
ERR4968711_bin.58	cmag_677	ERZ12819035	GCA_946495845
ERR4968711_bin.9	cmag_678	ERZ12818660	GCA_946499735
ERR4968712_bin.107	cmag_679	ERZ12818768	GCA_946500095
ERR4968712_bin.113	cmag_680	ERZ12819041	GCA_946495725
ERR4968712_bin.124	cmag_681	ERZ12819014	GCA_946498615
ERR4968712_bin.129	cmag_682	ERZ12818837	GCA_946500075
ERR4968712_bin.26	cmag_683	ERZ12819023	GCA_946498315
ERR4968712_bin.40	cmag_684	ERZ12818637	GCA_946499195
ERR4968712_bin.49	cmag_685	ERZ12819071	GCA_946496335
ERR4968712_bin.50	cmag_686	ERZ12818841	GCA_946496935
ERR4968712_bin.51	cmag_687	ERZ12818696	GCA_946496695
ERR4968712_bin.54	cmag_688	ERZ12818721	GCA_946495625
ERR4968712_bin.56	cmag_689	ERZ12819070	GCA_946497315
ERR4968712_bin.57	cmag_690	ERZ12818710	GCA_946497945
ERR4968712_bin.64	cmag_691	ERZ12818928	GCA_946500375
ERR4968712_bin.70	cmag_692	ERZ12818990	GCA_946498585
ERR4968712_bin.78	cmag_693	ERZ12818889	GCA_946498465
ERR4968712_bin.84	cmag_694	ERZ12819096	GCA_946496245
ERR4968712_bin.88	cmag_695	ERZ12819039	GCA_946499355
ERR4968712_bin.9	cmag_696	ERZ12819015	GCA_946497975
ERR4968712_bin.98	cmag_697	ERZ12818709	GCA_946498105
ERR4969053_bin.1	cmag_698	ERZ12818913	GCA_946500385
ERR4969053_bin.15	cmag_699	ERZ12818671	GCA_946496205
ERR4969053_bin.24	cmag_700	ERZ12818881	GCA_946500285
ERR4969053_bin.25	cmag_701	ERZ12818648	GCA_946499455
ERR4969053_bin.26	cmag_702	ERZ12818828	GCA_946498055
ERR4969053_bin.29	cmag_703	ERZ12818693	GCA_946499415
ERR4969053_bin.40	cmag_704	ERZ12818697	GCA_946500155
ERR4969053_bin.41	cmag_705	ERZ12818943	GCA_946500945
ERR4969053_bin.48	cmag_706	ERZ12818870	GCA_946500015
ERR4969053_bin.54	cmag_707	ERZ12818683	GCA_946497575
ERR4969053_bin.55	cmag_708	ERZ12818869	GCA_946498405
ERR4969053_bin.72	cmag_709	ERZ12819055	GCA_946500755
ERR4969053_bin.79	cmag_710	ERZ12818639	GCA_946497685
ERR4969053_bin.8	cmag_711	ERZ12818979	GCA_946500935
ERR4969053_bin.82	cmag_712	ERZ12818970	GCA_946500905
ERR4969053_bin.83	cmag_713	ERZ12818780	GCA_946496855
ERR4969053_bin.9	cmag_714	ERZ12818586	GCA_946500795
ERR4969151_bin.1	cmag_715	ERZ12818779	GCA_946498695
ERR4969151_bin.101	cmag_716	ERZ12818794	GCA_946497735
ERR4969151_bin.113	cmag_717	ERZ12818785	GCA_946497025
ERR4969151_bin.115	cmag_718	ERZ12819030	GCA_946499335
ERR4969151_bin.118	cmag_719	ERZ12818755	GCA_946496445
ERR4969151_bin.130	cmag_720	ERZ12818912	GCA_946499305
ERR4969151_bin.134	cmag_721	ERZ12819069	GCA_946496525
ERR4969151_bin.135	cmag_722	ERZ12818659	GCA_946496535
ERR4969151_bin.142	cmag_723	ERZ12818969	GCA_946498925
ERR4969151_bin.144	cmag_724	ERZ12818972	GCA_946498305
ERR4969151_bin.145	cmag_725	ERZ12818576	GCA_946500435
ERR4969151_bin.20	cmag_726	ERZ12818736	GCA_946500045
ERR4969151_bin.33	cmag_727	ERZ12818787	GCA_946497995
ERR4969151_bin.47	cmag_728	ERZ12819101	GCA_946499165
ERR4969151_bin.53	cmag_729	ERZ12818999	GCA_946499015
ERR4969151_bin.62	cmag_730	ERZ12818896	GCA_946499245
ERR4969151_bin.64	cmag_731	ERZ12819043	GCA_946495755
ERR4969151_bin.66	cmag_732	ERZ12818813	GCA_946498045
ERR4969151_bin.67	cmag_733	ERZ12818795	GCA_946499865
ERR4969151_bin.81	cmag_734	ERZ12818931	GCA_946496235
ERR4969151_bin.82	cmag_735	ERZ12819088	GCA_946496215
ERR4969151_bin.85	cmag_736	ERZ12818894	GCA_946498945
ERR4969151_bin.9	cmag_737	ERZ12818614	GCA_946495505
ERR4992195_bin.27	cmag_738	ERZ12818892	GCA_946500345
ERR4992195_bin.8	cmag_739	ERZ12818860	GCA_946499645
ERR4992208_bin.26	cmag_740	ERZ12818727	GCA_946499745
ERR4992208_bin.29	cmag_741	ERZ12818863	GCA_946498375
ERR4992208_bin.47	cmag_742	ERZ12818898	GCA_946500305
ERR4992208_bin.52	cmag_743	ERZ12818620	GCA_946495915
ERR4992208_bin.53	cmag_744	ERZ12818790	GCA_946500475
ERR4993373_bin.10	cmag_745	ERZ12819097	GCA_946500645
ERR4993373_bin.5	cmag_746	ERZ12818952	GCA_946498335
ERR4993373_bin.50	cmag_747	ERZ12819003	GCA_946499405
ERR4993373_bin.59	cmag_748	ERZ12818998	GCA_946498795
ERR4993378_bin.4	cmag_749	ERZ12818763	GCA_946497495
ERR4993378_bin.43	cmag_750	ERZ12819024	GCA_946498475
ERR4993378_bin.50	cmag_751	ERZ12818915	GCA_946500405
ERR4993378_bin.6	cmag_752	ERZ12818571	GCA_946498185
ERR4993381_bin.14	cmag_753	ERZ12818842	GCA_946500485
ERR4993381_bin.24	cmag_754	ERZ12818737	GCA_946496435
ERR4993381_bin.28	cmag_755	ERZ12818607	GCA_946495995
ERR4993381_bin.30	cmag_756	ERZ12819047	GCA_946499385
ERR4993381_bin.53	cmag_757	ERZ12819060	GCA_946497365
ERR4993381_bin.57	cmag_758	ERZ12818743	GCA_946495825
ERR4993381_bin.66	cmag_759	ERZ12818938	GCA_946500515
ERR4993381_bin.77	cmag_760	ERZ12819025	GCA_946495535
ERR4993382_bin.29	cmag_761	ERZ12818802	GCA_946497455
ERR4993382_bin.35	cmag_762	ERZ12819072	GCA_946496325
ERR4993382_bin.39	cmag_763	ERZ12818954	GCA_946498435
ERR4993662_bin.105	cmag_764	ERZ12819044	GCA_946499615
ERR4993662_bin.106	cmag_765	ERZ12818906	GCA_946500395
ERR4993662_bin.24	cmag_766	ERZ12818994	GCA_946498605
ERR4993662_bin.31	cmag_767	ERZ12818866	GCA_946496795
ERR4993662_bin.43	cmag_768	ERZ12818575	GCA_946500555
ERR4993662_bin.45	cmag_769	ERZ12818899	GCA_946498875
ERR4993662_bin.60	cmag_770	ERZ12818980	GCA_946495885
ERR4993662_bin.61	cmag_771	ERZ12818833	GCA_946496905
ERR4993662_bin.64	cmag_772	ERZ12818988	GCA_946498595
ERR4993662_bin.75	cmag_773	ERZ12818672	GCA_946496875
ERR4993662_bin.82	cmag_774	ERZ12818719	GCA_946497195
ERR7167026_bin.11	cmag_775	ERZ12818569	GCA_946497035
ERR7167028_bin.4	cmag_776	ERZ12818949	GCA_946499025
ERR7167029_bin.12	cmag_777	ERZ12818986	GCA_946498895
ERR7167029_bin.23	cmag_778	ERZ12819076	GCA_946498705
ERR7167032_bin.11	cmag_779	ERZ12818651	GCA_946499695
ERR7167033_bin.10	cmag_780	ERZ12818909	GCA_946498985
ERR7167033_bin.15	cmag_781	ERZ12819019	GCA_946498845
ERR7167033_bin.2	cmag_782	ERZ12818688	GCA_946496005
ERR7167033_bin.36	cmag_783	ERZ12819052	GCA_946496595
ERR7167034_bin.20	cmag_784	ERZ12818808	GCA_946499955
ERR7167036_bin.15	cmag_785	ERZ12819104	GCA_946500925
ERR7167036_bin.21	cmag_786	ERZ12819042	GCA_946495765
ERR7167036_bin.3	cmag_787	ERZ12819059	GCA_946499055
ERR7167037_bin.6	cmag_788	ERZ12818874	GCA_946495745
ERR7167037_bin.7	cmag_789	ERZ12818726	GCA_946497565
ERR7167041_bin.23	cmag_790	ERZ12818875	GCA_946499635
ERR7167041_bin.33	cmag_791	ERZ12818735	GCA_946495955
ERR7167042_bin.4	cmag_792	ERZ12818729	GCA_946497585
ERR7167043_bin.17	cmag_793	ERZ12818891	GCA_946498395
ERR7167044_bin.8	cmag_794	ERZ12819012	GCA_946495985
ERR7167046_bin.20	cmag_795	ERZ12818947	GCA_946496545
ERR7167046_bin.3	cmag_796	ERZ12819051	GCA_946500615
ERR7167046_bin.6	cmag_797	ERZ12818574	GCA_946495515
ERR7167047_bin.17	cmag_798	ERZ12819026	GCA_946500495
ERR7167047_bin.8	cmag_799	ERZ12818951	GCA_946499395
ERR7167048_bin.28	cmag_800	ERZ12819021	GCA_946495605
ERR7167048_bin.34	cmag_801	ERZ12818606	GCA_946499225
ERR7167048_bin.40	cmag_802	ERZ12818764	GCA_946497085
ERR7167050_bin.2	cmag_803	ERZ12818636	GCA_946497705
ERR7167052_bin.10	cmag_804	ERZ12818716	GCA_946497595
ERR7167052_bin.12	cmag_805	ERZ12818587	GCA_946499215
ERR7167053_bin.31	cmag_806	ERZ12818774	GCA_946497385
ERR7167053_bin.9	cmag_807	ERZ12818854	GCA_946499035
ERR7167059_bin.11	cmag_808	ERZ12818773	GCA_946496465
ERR7167059_bin.12	cmag_809	ERZ12818857	GCA_946495585
ERR7167062_bin.12	cmag_810	ERZ12818739	GCA_946499795
ERR7167062_bin.36	cmag_811	ERZ12819103	GCA_946496675
ERR7167062_bin.47	cmag_812	ERZ12818919	GCA_946497695
ERR7167062_bin.49	cmag_813	ERZ12818823	GCA_946497295
ERR7167063_bin.17	cmag_814	ERZ12818953	GCA_946498935
ERR7167063_bin.29	cmag_815	ERZ12818976	GCA_946500585
ERR7167063_bin.30	cmag_816	ERZ12818652	GCA_946496755
ERR7167063_bin.32	cmag_817	ERZ12818942	GCA_946498425
ERR7167064_bin.1	cmag_818	ERZ12819040	GCA_946497885
ERR7167064_bin.22	cmag_819	ERZ12818922	GCA_946500425
ERR7167064_bin.37	cmag_820	ERZ12819075	GCA_946497345
ERR7167064_bin.48	cmag_821	ERZ12818724	GCA_946499995
ERR7167219_bin.12	cmag_822	ERZ12818895	GCA_946500325
ERR7167219_bin.2	cmag_823	ERZ12818621	GCA_946499535
ERR7167219_bin.28	cmag_824	ERZ12818901	GCA_946500275
ERR7167219_bin.7	cmag_825	ERZ12819066	GCA_946500595
